step,train_lm_loss,grad_norm,ce_tokens,input_tokens,vision_tokens,mtp_target_tokens,step_seconds
1,5.776655623787327,2.611604928970337,19,71,4,7,1.0432483535259962
2,5.695964336395264,2.5056405067443848,37,141,8,13,0.41084939055144787
3,5.677137494087219,3.3622121810913086,49,211,32,17,0.35214598290622234
4,5.6237791061401365,2.1504275798797607,64,287,52,22,0.3942116443067789
5,5.5775675773620605,2.041405200958252,79,363,72,27,0.4093994963914156
6,5.58756548166275,1.7299312353134155,95,432,84,33,0.37396744452416897
7,5.546790409088135,1.6915667057037354,110,499,96,38,0.3647993989288807
8,5.524795452753703,1.684682011604309,128,577,108,44,0.4363937955349684
9,5.50799789428711,1.664946436882019,143,645,120,49,0.3710185270756483
10,5.468908977508545,1.7431964874267578,158,721,140,54,0.3791025187820196
11,5.430935192108154,1.7388375997543335,173,797,160,59,0.386383555829525
12,5.429224967956543,1.761681318283081,188,868,176,64,0.37578772380948067
13,5.434400637944539,1.6738778352737427,206,942,184,70,0.4245985560119152
14,5.39583033323288,1.6317249536514282,222,1010,196,76,0.3570231683552265
15,5.367648124694824,1.6227126121520996,241,1085,204,83,0.4025722071528435
16,5.343676487604777,1.6579734086990356,259,1163,216,89,0.4179493263363838
17,5.28903169631958,1.7175240516662598,274,1239,236,94,0.38369967229664326
18,5.274072360992432,1.677747130393982,289,1310,252,99,0.3716335780918598
19,5.266326665878296,1.6454262733459473,307,1384,260,105,0.4034874066710472
20,5.191497325897217,1.7384010553359985,319,1454,284,109,0.33487468957901
21,5.223654556274414,1.6742321252822876,334,1522,296,114,0.3614606447517872
22,5.230223404733758,1.5417916774749756,353,1593,300,121,0.39827327989041805
23,5.1647907257080075,1.674897313117981,368,1660,312,126,0.36730932258069515
24,5.125800704956054,1.658389925956726,383,1727,324,131,0.37794180028140545
25,5.155199378728867,1.5736302137374878,399,1791,332,137,0.35592732951045036
26,5.060214161872864,1.7476035356521606,411,1857,352,141,0.3260824214667082
27,5.078632164001465,1.6933536529541016,426,1929,368,146,0.39217075519263744
28,5.0376763343811035,1.6619482040405273,441,2001,384,151,0.39351152814924717
29,5.012979984283447,1.6604539155960083,456,2073,400,156,0.38219160586595535
30,4.9569244384765625,1.6592304706573486,471,2149,420,161,0.40739197097718716
31,4.971860965092977,1.6281629800796509,489,2227,432,167,0.44646270386874676
32,4.895969390869141,1.714761734008789,504,2308,456,172,0.419376278296113
33,4.930229008197784,1.5625437498092651,520,2377,468,178,0.3692317195236683
34,4.893441200256348,1.6426485776901245,538,2455,480,184,0.43164636194705963
35,4.86183443069458,1.68082594871521,553,2522,492,189,0.3804509937763214
36,4.8570252656936646,1.6026219129562378,569,2586,500,195,0.37985799834132195
37,4.766087818145752,1.6804109811782837,584,2662,520,200,0.4086507298052311
38,4.751513385772705,1.733776330947876,599,2734,536,205,0.38358132168650627
39,4.775498580932617,1.6827845573425293,614,2802,548,210,0.37169497460126877
40,4.71745023727417,1.7132235765457153,629,2869,560,215,0.38644834235310555
41,4.7351977825164795,1.5946670770645142,645,2933,568,221,0.3748851530253887
42,4.678361177444458,1.6922763586044312,663,3007,576,227,0.43090711534023285
43,4.637769013643265,1.6130857467651367,679,3080,592,233,0.5732190236449242
44,4.568466514348984,1.6467623710632324,695,3157,612,239,0.3914740551263094
45,4.494307518005371,1.7427886724472046,710,3237,636,244,0.4040884170681238
46,4.517938709259033,1.7285692691802979,725,3304,648,249,0.3828653786331415
47,4.501844310760498,1.7040609121322632,740,3376,664,254,0.3770593386143446
48,4.4916941324869795,1.725006103515625,758,3454,676,260,0.4264802932739258
49,4.427789211273193,1.739328145980835,773,3521,688,265,0.3753405660390854
50,4.4132201194763185,1.7423992156982422,788,3593,704,270,0.39134852960705757
51,4.428147554397583,1.7199167013168335,806,3667,712,276,0.41118053160607815
52,4.371784687042236,1.7444806098937988,824,3741,720,282,0.4142706114798784
53,4.3326075077056885,1.6187915802001953,840,3814,736,288,0.39579933136701584
54,4.328982909520467,1.750121831893921,858,3893,748,294,0.4477236606180668
55,4.255512237548828,1.7765014171600342,873,3965,764,299,0.36960577592253685
56,4.276172369718552,1.6461741924285889,889,4029,772,305,0.3472061287611723
57,4.1552817821502686,1.813498616218567,901,4095,792,309,0.33647929318249226
58,4.137221932411194,1.7477411031723022,917,4168,808,315,0.397135054692626
59,4.09923529624939,1.794490098953247,932,4235,820,320,0.38793197460472584
60,4.09193213780721,1.788862943649292,950,4313,832,326,0.4410665389150381
61,4.0334104061126705,1.792803168296814,965,4385,848,331,0.3901018388569355
62,3.9286340713500976,1.8445619344711304,980,4456,864,336,0.39028507843613625
63,4.032463947931926,1.812651515007019,998,4530,872,342,0.4292370732873678
64,3.9212618350982664,1.8302556276321411,1013,4597,884,347,0.38706846348941326
65,3.980207794591,1.7062088251113892,1032,4677,896,354,0.4570171423256397
66,3.9106096426645913,1.8219435214996338,1050,4755,908,360,0.4416801333427429
67,3.7973700046539305,1.8618775606155396,1065,4827,924,365,0.3928136322647333
68,3.803665542602539,1.8364711999893188,1080,4899,940,370,0.38886583410203457
69,3.6898921489715577,1.8656537532806396,1095,4975,960,375,0.43027569353580475
70,3.780506992340088,1.839715600013733,1110,5043,972,380,0.37721166387200356
71,3.6614401817321776,1.8762657642364502,1125,5110,984,385,0.3817257471382618
72,3.568206214904785,1.9140921831130981,1140,5186,1004,390,0.40143522433936596
73,3.667388767004013,1.7565613985061646,1156,5250,1012,396,0.3803123589605093
74,3.6174896955490112,1.755548119544983,1172,5319,1024,402,0.38538645952939987
75,3.5320969581604005,1.8691794872283936,1187,5386,1036,407,0.37567545287311077
76,3.492075538635254,1.8765054941177368,1202,5453,1048,412,0.3630750421434641
77,3.550149440765381,1.8591440916061401,1220,5527,1056,418,0.4133314751088619
78,3.3271506309509276,1.929553508758545,1235,5603,1076,423,0.39002025313675404
79,3.3731696605682373,1.9256339073181152,1250,5671,1088,428,0.3646977171301842
80,3.2819222927093508,2.627666473388672,1265,5742,1104,433,0.37599210627377033
81,3.3187436312437057,1.8106266260147095,1281,5815,1120,439,0.3863286878913641
82,3.243784952163696,1.9052127599716187,1296,5887,1136,444,0.3872832488268614
83,3.2312457084655763,1.8983194828033447,1311,5959,1152,449,0.38090464659035206
84,3.257536292076111,1.922688364982605,1329,6033,1160,455,0.4240004029124975
85,3.044365930557251,1.9759739637374878,1344,6105,1176,460,0.3932401165366173
86,3.1767616748809813,1.8971891403198242,1359,6173,1188,465,0.3668242637068033
87,2.876935303211212,1.9502999782562256,1371,6238,1208,469,0.3257289510220289
88,2.9597716331481934,1.957658290863037,1386,6309,1224,474,0.37523586489260197
89,2.969447898864746,1.9113363027572632,1401,6381,1240,479,0.37958892062306404
90,3.1123609291879752,1.7570067644119263,1420,6456,1248,486,0.41591161862015724
91,2.8187085151672364,1.9240576028823853,1435,6532,1268,491,0.3875531069934368
92,2.8986823161443076,1.8939286470413208,1453,6610,1280,497,0.42699976079165936
93,2.8827890872955324,1.9055298566818237,1468,6677,1292,502,0.36264955438673496
94,2.942390063229729,1.7063883543014526,1485,6747,1304,509,0.3696515318006277
95,2.825024366378784,2.2262487411499023,1500,6815,1316,514,0.3659482393413782
96,2.6230876445770264,1.8474947214126587,1515,6886,1332,519,0.3731888234615326
97,2.8058552742004395,1.8404659032821655,1530,6954,1344,524,0.36393419094383717
98,2.6655657291412354,1.906069278717041,1548,7037,1360,530,0.4367005992680788
99,2.655241823196411,1.9557338953018188,1563,7104,1372,535,0.36437324434518814
100,2.590167236328125,1.8531721830368042,1578,7171,1384,540,0.36179147101938725
101,2.5488858968019485,1.692419409751892,1594,7244,1400,546,0.38342842645943165
102,2.4922574520111085,1.7954652309417725,1609,7316,1416,551,0.3839865121990442
103,2.4402638912200927,1.865875244140625,1624,7383,1428,556,0.38826619647443295
104,2.733893116315206,1.9911309480667114,1642,7449,1428,562,0.40358499623835087
105,2.2946393966674803,1.7887848615646362,1657,7525,1448,567,0.40253908559679985
106,2.377708673477173,1.7456600666046143,1672,7597,1464,572,0.39243896305561066
107,2.5189234241843224,1.6746493577957153,1688,7661,1472,578,0.3977589048445225
108,2.148068833351135,1.7557523250579834,1703,7737,1492,583,0.3749049976468086
109,2.4793045918146768,1.7680290937423706,1721,7811,1500,589,0.4012147802859545
110,1.9444048702716827,1.8202335834503174,1733,7876,1520,593,0.33574274368584156
111,2.4797725081443787,1.5865283012390137,1749,7945,1532,599,0.36948334984481335
112,2.0673641681671144,1.6380178928375244,1764,8016,1548,604,0.40220337733626366
113,2.328353727565092,1.5214908123016357,1781,8090,1564,611,0.36718523502349854
114,2.377009371916453,1.7660578489303589,1799,8160,1568,617,0.3860315680503845
115,2.1823241233825685,1.682660698890686,1814,8228,1580,622,0.3495395015925169
116,2.0885359048843384,1.659422755241394,1832,8311,1596,628,0.42110236175358295
117,2.0588025569915773,1.8345742225646973,1847,8378,1608,633,0.3607542999088764
118,1.998395824432373,1.6410112380981445,1862,8445,1620,638,0.36306908912956715
119,1.7994587659835815,1.4786144495010376,1877,8521,1640,643,0.4075878635048866
120,2.0703300635019937,1.5991836786270142,1895,8599,1652,649,0.458892535418272
121,2.3133908435702324,1.8851524591445923,1911,8664,1660,655,0.3680403232574463
122,1.8232707500457763,1.6512715816497803,1926,8735,1676,660,0.39093838445842266
123,1.889450192451477,1.7364442348480225,1941,8807,1692,665,0.3822520151734352
124,1.8880412578582764,1.5891512632369995,1956,8879,1708,670,0.3804370630532503
125,1.5770471096038818,1.6001425981521606,1968,8944,1728,674,0.3274346385151148
126,2.0171990195910134,1.7431219816207886,1986,9018,1736,680,0.4162983614951372
127,2.008543945848942,1.6608190536499023,2002,9086,1748,686,0.4016826618462801
128,1.8778225660324097,1.5774917602539062,2017,9154,1760,691,0.3697285372763872
129,1.6314121782779694,1.6425968408584595,2029,9220,1780,695,0.33743106573820114
130,1.9510574340820312,1.4830906391143799,2048,9295,1788,702,0.410948246717453
131,2.010882019996643,1.7608509063720703,2063,9359,1796,707,0.351162601262331
132,1.7763144373893738,1.43405282497406,2081,9437,1808,713,0.4238801635801792
133,1.8417920271555583,1.4344136714935303,2099,9511,1816,719,0.4109882768243551
134,1.320597231388092,1.6920026540756226,2111,9581,1840,723,0.33548638597130775
135,1.6271878957748414,1.5793856382369995,2126,9648,1852,728,0.3641613069921732
136,1.3355467915534973,1.5054504871368408,2138,9713,1872,732,0.3271693605929613
137,1.6467326164245606,1.4749208688735962,2153,9780,1884,737,0.3636213596910238
138,1.6361454486846925,1.5979931354522705,2168,9847,1896,742,0.3654272332787514
139,1.4838956356048585,1.3190163373947144,2183,9918,1912,747,0.375228688120842
140,1.523654580116272,1.4759656190872192,2196,9985,1932,752,0.33571741357445717
141,1.5077072620391845,1.4274286031723022,2211,10057,1948,757,0.3798787072300911
142,1.8741463348269463,1.6018646955490112,2227,10121,1956,763,0.3538940716534853
143,1.3106253147125244,1.4513942003250122,2242,10197,1976,768,0.3888784572482109
144,1.5281582355499268,1.3744968175888062,2257,10264,1988,773,0.3639294859021902
145,1.5586520433425903,1.435557246208191,2273,10332,2000,779,0.3650382570922375
146,1.3382755994796753,1.421014428138733,2288,10403,2016,784,0.3802903164178133
147,1.6287118434906005,1.4759268760681152,2303,10471,2028,789,0.36517012119293213
148,1.4047798037528991,1.300854206085205,2318,10543,2044,794,0.38109092600643635
149,1.3175389766693115,1.5601248741149902,2333,10619,2064,799,0.3904238883405924
150,1.0932034105062485,1.4229758977890015,2345,10684,2084,803,0.32773350551724434
151,1.6258584558963776,1.3645737171173096,2363,10758,2092,809,0.41596577130258083
152,1.7004293673916866,1.3045451641082764,2382,10833,2100,816,0.41784707084298134
153,1.4815645456314086,1.3391512632369995,2397,10901,2112,821,0.3671627603471279
154,1.6929012735684712,1.3647370338439941,2415,10971,2116,827,0.41891060024499893
155,1.268314190208912,1.310413122177124,2431,11043,2132,833,0.3769074883311987
156,1.3085394263267518,1.4096561670303345,2446,11115,2148,838,0.3781861159950495
157,1.6637585957845051,1.5441612005233765,2464,11185,2152,844,0.4001951068639755
158,1.2978460311889648,1.3969213962554932,2479,11257,2168,849,0.37864794954657555
159,1.3810941696166992,1.5062265396118164,2494,11324,2180,854,0.37747566401958466
160,1.3036914467811584,1.6508350372314453,2510,11396,2196,860,0.4003057572990656
161,1.201978862285614,1.6822524070739746,2525,11468,2212,865,0.3863745126873255
162,1.2517801165580749,1.5376944541931152,2540,11540,2228,870,0.3946050349622965
163,1.4614501496156056,3.4342074394226074,2558,11619,2240,876,0.46534509398043156
164,1.5977514354806197,1.7592127323150635,2577,11694,2248,883,0.4414813332259655
165,0.9233469069004059,1.4412221908569336,2589,11769,2276,887,0.385592820122838
166,1.439411699771881,1.5010219812393188,2607,11843,2284,893,0.43490459211170673
167,1.096044111251831,1.7366129159927368,2622,11914,2300,898,0.3778811190277338
168,1.4526323958447105,1.6304919719696045,2641,11989,2308,905,0.41327662765979767
169,1.2131349086761474,1.709262490272522,2656,12056,2320,910,0.36119379475712776
170,0.7763108611106873,1.3694864511489868,2668,12126,2344,914,0.3562040850520134
171,1.1769569888710976,2.17039155960083,2684,12198,2360,920,0.38325953111052513
172,1.1461546897888184,1.372475504875183,2699,12270,2376,925,0.37271672300994396
173,1.245749866962433,1.5890512466430664,2714,12337,2388,930,0.36309964396059513
174,1.1165274500846862,1.2533704042434692,2729,12414,2408,935,0.40409216471016407
175,1.4467941804936058,2.028806686401367,2748,12489,2416,942,0.45297915302217007
176,1.6269539594650269,1.539023756980896,2766,12555,2416,948,0.38989752158522606
177,1.1158426642417907,1.582155704498291,2781,12627,2432,953,0.37652043998241425
178,1.0300721406936646,1.2896888256072998,2796,12694,2444,958,0.3636360764503479
179,0.9849976778030396,1.3757628202438354,2811,12775,2468,963,0.4108597617596388
180,1.1658188203970592,1.5214195251464844,2829,12853,2480,969,0.45760146528482437
181,1.1023566126823425,1.250651478767395,2844,12920,2492,974,0.36944910511374474
182,0.5887469410896301,1.4386142492294312,2859,13000,2516,979,0.3974036332219839
183,1.0843088030815125,1.1373850107192993,2874,13067,2528,984,0.36584954150021076
184,1.2022828459739685,1.5079900026321411,2889,13135,2540,989,0.38414409942924976
185,0.9456702589988708,1.1466472148895264,2904,13211,2560,994,0.3894820958375931
186,0.7070767730474472,1.2432228326797485,2916,13276,2580,998,0.32437766529619694
187,1.32241690158844,1.4425745010375977,2935,13351,2588,1005,0.41644423454999924
188,0.8362075448036194,1.176410436630249,2950,13422,2604,1010,0.36846785619854927
189,1.3762730219784904,1.7031736373901367,2967,13487,2612,1017,0.3444234263151884
190,1.1944492220878602,1.6664514541625977,2982,13555,2624,1022,0.354914303869009
191,0.8302751183509827,1.4548596143722534,2997,13631,2644,1027,0.3827920574694872
192,1.1510256052017211,1.3978898525238037,3012,13699,2656,1032,0.3589495439082384
193,0.953069269657135,1.218392252922058,3027,13771,2672,1037,0.3753554206341505
194,1.522169788678487,1.3702467679977417,3045,13837,2672,1043,0.40848136879503727
195,0.8494173467159272,1.1161456108093262,3060,13908,2688,1048,0.40241488814353943
196,1.318442111214002,1.509873628616333,3078,13978,2692,1054,0.39542795345187187
197,0.9516208887100219,1.052473545074463,3093,14045,2704,1059,0.3588996138423681
198,0.5158198848366737,1.2248541116714478,3105,14110,2724,1063,0.32299939915537834
199,0.8979791760444641,1.277456521987915,3120,14182,2740,1068,0.37617867439985275
200,1.0895290553569794,1.1756072044372559,3135,14250,2752,1073,0.3661170285195112
201,1.3000190665847378,1.591884970664978,3154,14325,2760,1080,0.41663702949881554
202,1.1790744680911303,1.783192753791809,3170,14389,2768,1086,0.3500818070024252
203,0.6754008889198303,1.2061851024627686,3185,14460,2784,1091,0.3704215530306101
204,1.2876145243644714,1.9058043956756592,3204,14535,2792,1098,0.4109365679323673
205,1.0582138478755951,1.108668327331543,3219,14608,2808,1103,0.37401699647307396
206,0.72931187748909,1.193474531173706,3234,14689,2832,1108,0.3965482600033283
207,0.8506320059299469,1.0808571577072144,3249,14756,2844,1113,0.36031616665422916
208,0.5122013911604881,1.2151243686676025,3261,14821,2864,1117,0.3207431323826313
209,0.8350676000118256,1.3345247507095337,3276,14888,2876,1122,0.3608635142445564
210,0.8729431331157684,1.0996416807174683,3291,14955,2888,1127,0.35853563994169235
211,0.932904064655304,1.2643318176269531,3306,15022,2900,1132,0.35822102054953575
212,0.9327074527740479,1.447137713432312,3321,15089,2912,1137,0.3597890231758356
213,0.8520887911319732,0.9409353733062744,3336,15156,2924,1142,0.35873372480273247
214,0.9291881670554479,1.084643840789795,3354,15234,2936,1148,0.4183592312037945
215,0.8768364638090134,2.6487956047058105,3370,15312,2956,1154,0.3879786282777786
216,0.7513876557350159,1.094031572341919,3385,15379,2968,1159,0.3576775547116995
217,1.1289306910414445,2.1314806938171387,3404,15459,2980,1166,0.4242013320326805
218,1.2151045699914296,1.696768045425415,3422,15529,2984,1172,0.39929941296577454
219,0.7750467658042908,1.1265982389450073,3437,15596,2996,1177,0.35838435776531696
220,0.7973070815205574,2.3194799423217773,3449,15662,3016,1181,0.32437240332365036
221,1.1055257289033187,2.0082294940948486,3468,15737,3024,1188,0.4154181703925133
222,0.7157599031925201,1.4171946048736572,3483,15809,3040,1193,0.3752210922539234
223,0.6101463913917542,0.9841820001602173,3498,15885,3060,1198,0.38519125431776047
224,0.8821947444230318,1.430127739906311,3514,15958,3076,1204,0.38012967072427273
225,0.5836620628833771,0.9613257050514221,3529,16034,3096,1209,0.3891229163855314
226,0.4807164669036865,1.1733767986297607,3544,16110,3116,1214,0.39246127009391785
227,0.7256405770778656,1.09378981590271,3559,16182,3132,1219,0.3782134894281626
228,1.1333897380452407,1.5509229898452759,3578,16257,3140,1226,0.41569583490490913
229,0.6964001774787902,1.0482772588729858,3593,16324,3152,1231,0.3644381146878004
230,0.9003522098064423,1.0807479619979858,3608,16392,3164,1236,0.3657359890639782
231,0.4028674066066742,1.342029333114624,3620,16457,3184,1240,0.3261899333447218
232,0.8720455348491669,1.3245543241500854,3635,16525,3196,1245,0.3673271033912897
233,0.7497477978467941,1.099349021911621,3650,16592,3208,1250,0.3637607414275408
234,0.7109540730714798,0.9893963932991028,3665,16664,3224,1255,0.4017639923840761
235,0.8413496613502502,1.3428395986557007,3683,16747,3240,1261,0.45195168629288673
236,0.9506097336610159,0.9763256311416626,3701,16821,3248,1267,0.42135394737124443
237,1.0339115234091878,2.6352016925811768,3717,16885,3256,1273,0.36025726795196533
238,0.3916363179683685,1.2927213907241821,3732,16960,3276,1278,0.39900744147598743
239,0.8319322109222412,1.4286081790924072,3747,17028,3288,1283,0.36039880476891994
240,0.513191819190979,1.0037554502487183,3759,17094,3308,1287,0.3242094963788986
241,0.7659729979932308,2.6943771839141846,3775,17162,3320,1293,0.37176660634577274
242,0.9393021414677302,1.1070010662078857,3793,17236,3328,1299,0.4292901623994112
243,0.6663892805576325,1.033039927482605,3808,17313,3348,1304,0.38562891259789467
244,0.7634326641758283,0.9294829964637756,3826,17391,3360,1310,0.43906600400805473
245,0.3142290234565735,1.1009092330932617,3841,17466,3380,1315,0.4004460033029318
246,0.6724020332098007,0.8199558258056641,3856,17538,3396,1320,0.39862619526684284
247,0.7342487002412478,1.0633723735809326,3874,17616,3408,1326,0.41904420033097267
248,0.9058107137680054,1.0644714832305908,3892,17690,3416,1332,0.40777344070374966
249,0.4657092452049255,1.2353581190109253,3907,17766,3436,1337,0.4025601428002119
250,0.8993764547631145,3.170668125152588,3923,17830,3444,1343,0.3705792799592018
251,0.9505008226260543,1.9983959197998047,3939,17899,3456,1349,0.36000080965459347
252,0.7210145771503449,1.5066418647766113,3954,17966,3468,1354,0.3564998358488083
253,0.787695636972785,1.6788380146026611,3970,18034,3480,1360,0.36791615560650826
254,0.8242746988932291,1.2015265226364136,3988,18108,3488,1366,0.43453820794820786
255,0.4183733105659485,0.7042794227600098,4003,18179,3504,1371,0.37049225717782974
256,0.9731175392866135,1.0546506643295288,4018,18243,3512,1376,0.34604521468281746
257,0.8215940862894058,1.1947972774505615,4033,18311,3524,1381,0.3637672681361437
258,0.5465943962335587,1.2451921701431274,4048,18378,3536,1386,0.3900317717343569
259,0.48835458755493166,1.2796807289123535,4063,18454,3556,1391,0.3935252781957388
260,0.40014177188277245,1.1391043663024902,4075,18520,3576,1395,0.3232287336140871
261,0.8553772245844206,1.2586084604263306,4093,18599,3588,1401,0.42149956338107586
262,0.2237863652408123,0.6972217559814453,4105,18664,3608,1405,0.3431012649089098
263,0.3910001218318939,0.9256850481033325,4120,18735,3624,1410,0.3882238417863846
264,1.1588625118136406,2.698169231414795,4140,18807,3628,1418,0.3998492006212473
265,0.5725327283143997,1.4574449062347412,4155,18879,3644,1423,0.3697677254676819
266,0.3633822500705719,1.0112799406051636,4170,18950,3660,1428,0.376905819401145
267,0.3740566521883011,0.876923143863678,4182,19021,3684,1432,0.3420509658753872
268,0.5357578158378601,0.7347232103347778,4197,19093,3700,1437,0.3913030680269003
269,0.6326263308525085,1.392776608467102,4212,19160,3712,1442,0.37848084419965744
270,1.0710483118891716,2.933030366897583,4232,19232,3716,1450,0.4239641986787319
271,0.6751193343661726,1.7644294500350952,4248,19305,3732,1456,0.38283061794936657
272,0.698558739076058,1.3179192543029785,4266,19383,3744,1462,0.42626048251986504
273,0.8110734609266123,1.192244529724121,4284,19457,3752,1468,0.427833816036582
274,0.3897334456443787,0.8311749696731567,4299,19533,3772,1473,0.398017019033432
275,0.5715631380677223,9.295418739318848,4314,19600,3784,1478,0.36255417950451374
276,0.6032641842961312,1.1401368379592896,4329,19667,3796,1483,0.36239892058074474
277,0.8283400920530161,1.8654274940490723,4347,19741,3804,1489,0.44001361913979053
278,0.33384103029966355,0.7171049118041992,4362,19817,3824,1494,0.4023569729179144
279,0.548201534152031,0.9610035419464111,4377,19889,3840,1499,0.3744092844426632
280,0.7298138335347175,0.9593513011932373,4392,19957,3852,1504,0.37904964573681355
281,0.694788247346878,0.9931180477142334,4410,20035,3864,1510,0.43517614901065826
282,0.5116714268922806,1.0392879247665405,4425,20112,3884,1515,0.3865541648119688
283,0.8706315294839442,2.1548492908477783,4441,20176,3892,1521,0.35211624950170517
284,0.5498238578438759,0.9353859424591064,4456,20243,3904,1526,0.36243291944265366
285,0.737260514870286,2.4554038047790527,4472,20307,3912,1532,0.3522730879485607
286,0.5583885684609413,0.9827513694763184,4487,20374,3924,1537,0.36735457740724087
287,0.46232786774635315,1.1055595874786377,4502,20441,3936,1542,0.3659255560487509
288,0.7605623863637447,1.00742769241333,4520,20515,3944,1548,0.4111754409968853
289,0.11901582591235638,0.48039019107818604,4532,20585,3968,1552,0.338408213108778
290,0.6866899311542511,1.1267766952514648,4547,20653,3980,1557,0.3702236171811819
291,0.5416178777813911,0.8696089386940002,4562,20720,3992,1562,0.3651657924056053
292,0.1667061746120453,0.5478843450546265,4574,20785,4012,1566,0.32958644442260265
293,0.5739070628769696,1.4414126873016357,4590,20858,4028,1572,0.38282453641295433
294,0.8933678728838762,1.057631492614746,4608,20928,4032,1578,0.40505506098270416
295,0.28532433360815046,0.6049408316612244,4623,20999,4048,1583,0.3710573576390743
296,0.6643140524625778,1.027103066444397,4638,21067,4060,1588,0.3666910231113434
297,0.7800272642634809,1.696558952331543,4654,21131,4068,1594,0.35229100845754147
298,0.6211426137015224,1.2067502737045288,4670,21199,4080,1600,0.36432377994060516
299,0.4924261778593063,0.9550475478172302,4685,21271,4096,1605,0.37944075278937817
300,0.5698935799300671,0.8964647054672241,4703,21349,4108,1611,0.4236229211091995
301,0.4803555727005005,0.8980035185813904,4718,21421,4124,1616,0.37667372077703476
302,0.4491547912359238,0.7576404809951782,4733,21493,4140,1621,0.40426621213555336
303,0.6029006540775299,1.0099332332611084,4751,21571,4152,1627,0.42579169385135174
304,0.4577667474746704,0.9203024506568909,4766,21638,4164,1632,0.36468056589365005
305,0.6779838850100836,1.7303996086120605,4784,21712,4172,1638,0.41087898053228855
306,0.33171960338950157,0.9873274564743042,4796,21778,4192,1642,0.3256294745951891
307,0.10786223597824574,0.32350990176200867,4808,21843,4212,1646,0.32325020991265774
308,0.5042599095031619,1.4491767883300781,4824,21916,4228,1652,0.3809402659535408
309,0.5232972039375454,1.7065702676773071,4840,21989,4244,1658,0.37861694023013115
310,0.46139573454856875,0.9871430397033691,4855,22061,4260,1663,0.37184022925794125
311,0.4895848475396633,0.7972602844238281,4870,22133,4276,1668,0.37322659604251385
312,0.47242275848984716,0.9765875935554504,4885,22200,4288,1673,0.37661626003682613
313,0.47701159939169885,0.8157867789268494,4900,22267,4300,1678,0.3895092234015465
314,0.678164778277278,0.8880614042282104,4918,22341,4308,1684,0.4122820943593979
315,0.05804112181067467,0.3149879276752472,4930,22406,4328,1688,0.3230024538934231
316,0.9250050308182836,1.3879153728485107,4946,22471,4336,1694,0.3510513287037611
317,0.24189119562506675,0.581541121006012,4961,22542,4352,1699,0.3714924957603216
318,0.45172182470560074,0.8520361185073853,4976,22609,4364,1704,0.361670583486557
319,0.6677491962909698,1.4664605855941772,4995,22684,4372,1711,0.41251759231090546
320,0.6093913033604622,0.8762921094894409,5010,22757,4388,1716,0.37701975367963314
321,0.25295433551073077,0.5070861577987671,5025,22833,4408,1721,0.3848796635866165
322,0.5438154631604751,2.029167652130127,5043,22911,4420,1727,0.42491941154003143
323,0.4201800860464573,0.8734554648399353,5058,22983,4436,1732,0.37423947639763355
324,0.4387536562979221,0.7161955237388611,5073,23050,4448,1737,0.360547898337245
325,0.5261068880558014,0.9809588193893433,5088,23118,4460,1742,0.36578250490128994
326,0.2553817808628082,0.5363751649856567,5103,23189,4476,1747,0.37378017604351044
327,0.5226717460900545,0.7962561845779419,5121,23272,4492,1753,0.4327152520418167
328,0.657668124884367,1.194616675376892,5139,23346,4500,1759,0.4126194231212139
329,0.26132305040955545,0.7352843880653381,5154,23417,4516,1764,0.36856270395219326
330,0.42815070152282714,1.1801526546478271,5169,23484,4528,1769,0.3623663280159235
331,0.5059055904857814,1.2313144207000732,5185,23557,4544,1775,0.3765115700662136
332,0.7471286554477716,1.965883731842041,5204,23632,4552,1782,0.41163139045238495
333,0.26524479733780026,0.8431994318962097,5220,23709,4572,1788,0.3922928236424923
334,0.44031989326079685,0.853756844997406,5238,23792,4588,1794,0.4329006280750036
335,0.5961434282362461,1.067794919013977,5253,23865,4604,1799,0.37645383179187775
336,0.4121740058064461,0.984923243522644,5268,23932,4616,1804,0.36242426559329033
337,0.6236248134324948,0.8407636284828186,5286,24006,4624,1810,0.4075791221112013
338,0.07017185762524605,0.3066728115081787,5301,24081,4644,1815,0.3856789134442806
339,0.39705420583486556,0.8965814113616943,5316,24148,4656,1820,0.36053275503218174
340,0.21260603442788123,0.7594814896583557,5331,24229,4680,1825,0.39892819710075855
341,0.3711313582956791,0.7574427127838135,5346,24296,4692,1830,0.3587813451886177
342,0.5420179240405559,1.3720641136169434,5361,24364,4704,1835,0.3594078794121742
343,0.4400202170014381,1.2242425680160522,5376,24436,4720,1840,0.3712544534355402
344,0.5788973027374595,1.5974528789520264,5392,24510,4736,1846,0.3749383557587862
345,0.23982546478509903,0.7272586822509766,5407,24586,4756,1851,0.38362529315054417
346,0.24024780988693237,0.8240858316421509,5422,24657,4772,1856,0.37096557579934597
347,0.6653748822864145,1.3705646991729736,5438,24726,4784,1862,0.36566096171736717
348,0.8096062409642496,2.3225934505462646,5457,24797,4788,1869,0.39968722499907017
349,0.39668459445238113,0.8086289763450623,5472,24864,4800,1874,0.3593020159751177
350,0.41689650279780227,1.0866209268569946,5490,24947,4816,1880,0.4298284873366356
351,0.4766891077160835,1.0201653242111206,5508,25025,4828,1886,0.42431135661900043
352,0.6632384322583675,1.0695432424545288,5526,25095,4832,1892,0.3992567081004381
353,0.5829941822836796,1.0322083234786987,5544,25169,4840,1898,0.41191459633409977
354,0.39557909220457077,0.8512116074562073,5559,25241,4856,1903,0.3738573770970106
355,0.6800396129488945,1.5633093118667603,5574,25305,4864,1908,0.34609404020011425
356,0.384218986146152,1.364564061164856,5590,25373,4876,1914,0.3625406064093113
357,0.2245134398341179,1.050430417060852,5605,25449,4896,1919,0.38319651782512665
358,0.7408533625696835,1.6380473375320435,5624,25520,4900,1926,0.4042086973786354
359,0.22937482483685018,0.665378987789154,5639,25591,4916,1931,0.3743747901171446
360,0.40900753177702426,1.0091060400009155,5654,25663,4932,1936,0.3738258667290211
361,0.2933225304586813,0.6511977910995483,5670,25745,4956,1942,0.40146629326045513
362,0.054995499551296234,0.23654279112815857,5682,25810,4976,1946,0.32286880165338516
363,0.049256717413663866,0.1728731095790863,5697,25885,4996,1951,0.3811350204050541
364,0.5172739011468366,2.250638246536255,5713,25949,5004,1957,0.3504624795168638
365,0.3607852034270763,0.9054105877876282,5728,26016,5016,1962,0.36230036802589893
366,0.04027973562479019,0.13389088213443756,5743,26091,5036,1967,0.3820131979882717
367,0.40330030880868434,2.4028894901275635,5758,26159,5048,1972,0.36111955717206
368,0.26155349193140864,0.9432335495948792,5770,26225,5068,1976,0.3225165940821171
369,0.48140233345329764,1.0302447080612183,5785,26293,5080,1981,0.36038573645055294
370,0.38145577497780325,0.9610273838043213,5800,26360,5092,1986,0.35717799700796604
371,0.19168570898473264,0.5416736006736755,5815,26431,5108,1991,0.3703111317008734
372,0.6120809881637493,0.9051840305328369,5833,26505,5116,1997,0.40688548795878887
373,0.19735466055572032,0.5186516046524048,5848,26586,5140,2002,0.3950754925608635
374,0.4410154717043042,0.7501952052116394,5866,26669,5156,2008,0.4339283015578985
375,0.5719324769452214,1.1986747980117798,5884,26743,5164,2014,0.4094264805316925
376,0.41734359227120876,1.13352370262146,5900,26816,5180,2020,0.37302424386143684
377,0.5229890659684315,1.5253324508666992,5916,26880,5188,2026,0.34997242502868176
378,0.16696772761642933,0.7980831861495972,5931,26951,5204,2031,0.3706286884844303
379,0.3803552929311991,1.01703941822052,5947,27019,5216,2037,0.36220441572368145
380,0.04148308839648962,0.15975657105445862,5959,27084,5236,2041,0.32499666698276997
381,0.5359886740334332,1.0903728008270264,5975,27148,5244,2047,0.3489765729755163
382,0.17425985857844353,0.5748207569122314,5990,27224,5264,2052,0.3837017584592104
383,0.5401576373726129,1.1355419158935547,6005,27292,5276,2057,0.36079751141369343
384,0.31951985582709314,0.6805779337882996,6020,27364,5292,2062,0.3728373758494854
385,0.37830897606909275,1.0248799324035645,6038,27447,5308,2068,0.432968121021986
386,0.4662486457576354,0.8573058247566223,6056,27521,5316,2074,0.4081915747374296
387,0.37109074294567107,0.8550078868865967,6071,27588,5328,2079,0.3575504645705223
388,0.6613513391464949,1.1189128160476685,6086,27652,5336,2084,0.34852896071970463
389,0.49439803287386896,1.4117252826690674,6101,27720,5348,2089,0.36081885918974876
390,0.2987261036178097,1.0878167152404785,6117,27793,5364,2095,0.37511655129492283
391,0.35340801775455477,0.7978060245513916,6132,27860,5376,2100,0.35944708436727524
392,0.3091970942914486,0.8753995895385742,6147,27932,5392,2105,0.3725904244929552
393,0.14777879156172274,0.6373765468597412,6162,28003,5408,2110,0.3743710480630398
394,0.38576660864055157,0.9226439595222473,6177,28071,5420,2115,0.3627846296876669
395,0.3525699021993205,2.5493671894073486,6193,28139,5432,2121,0.36476850882172585
396,0.31859974600374696,0.7864307761192322,6208,28206,5444,2126,0.3645227402448654
397,0.49305989891290664,0.9828696250915527,6223,28274,5456,2131,0.3616830799728632
398,0.30540217012166976,0.7108251452445984,6238,28341,5468,2136,0.35786813870072365
399,0.4231072763601939,0.8239783644676208,6256,28419,5480,2142,0.4253143426030874
400,0.24358743790071458,0.8466280698776245,6272,28496,5500,2148,0.385647589340806
401,0.4022765882546082,1.0219347476959229,6288,28560,5508,2154,0.3542666472494602
402,0.3397905256599188,1.4287515878677368,6303,28632,5524,2159,0.38766414672136307
403,0.3294800650328398,0.8778378367424011,6318,28699,5536,2164,0.36065834015607834
404,0.33857572376728057,0.9542545080184937,6333,28781,5560,2169,0.397482231259346
405,0.49098676194747287,0.9827465415000916,6351,28855,5568,2175,0.417527761310339
406,0.024591815657913685,0.11109364032745361,6363,28925,5592,2179,0.3337390813976526
407,0.3100415006279945,0.7716543078422546,6378,28997,5608,2184,0.3748089410364628
408,0.3855636597921451,0.8290234208106995,6396,29075,5620,2190,0.4191388674080372
409,0.028005942702293396,0.11625582724809647,6408,29140,5640,2194,0.3190727960318327
410,0.35590508359018713,3.0133700370788574,6424,29208,5652,2200,0.3610876053571701
411,0.3182735159993172,0.890545666217804,6439,29280,5668,2205,0.3700114730745554
412,0.5180889498442411,1.0769374370574951,6457,29354,5676,2211,0.3971828166395426
413,0.5056796012446284,1.3122308254241943,6472,29422,5688,2216,0.35083455219864845
414,0.28285120204091074,0.9252244830131531,6487,29494,5704,2221,0.3595041800290346
415,0.27322333632037044,1.1369019746780396,6503,29562,5716,2227,0.35059416480362415
416,0.25563380698440596,0.8976930975914001,6519,29635,5732,2233,0.365525808185339
417,0.6305315693219503,2.525120973587036,6537,29701,5732,2239,0.38570733554661274
418,0.3011597771197557,0.9869187474250793,6552,29768,5744,2244,0.36594185046851635
419,0.3169991932809353,0.7775475382804871,6567,29835,5756,2249,0.3831153828650713
420,0.15729742031544447,1.2260185480117798,6583,29907,5772,2255,0.39528678357601166
421,0.45593148131707784,1.7744195461273193,6602,29982,5780,2262,0.44076445885002613
422,0.43547377586364744,0.9910246133804321,6617,30055,5796,2267,0.3781161271035671
423,0.017235442297533154,0.08799166232347488,6629,30125,5820,2271,0.3649502843618393
424,0.47466200310736895,0.8482638001441956,6647,30199,5828,2277,0.43126255646348
425,0.2768730090931058,0.9316645264625549,6662,30266,5840,2282,0.3744587916880846
426,0.2659706261008978,0.6989765763282776,6677,30338,5856,2287,0.39473501965403557
427,0.4731584048519532,0.9113046526908875,6695,30412,5864,2293,0.4329913482069969
428,0.34115145256510004,1.2203459739685059,6711,30490,5884,2299,0.4064177665859461
429,0.14847614001482726,0.5674906373023987,6726,30561,5900,2304,0.377095403149724
430,0.36763091137011844,1.162353277206421,6744,30639,5912,2310,0.42701733112335205
431,0.22103954069316387,2.8486573696136475,6759,30706,5924,2315,0.36317048221826553
432,0.2383512131869793,0.9059906601905823,6774,30778,5940,2320,0.38145171850919724
433,0.3050860773772001,0.6725115776062012,6789,30845,5952,2325,0.36549714766442776
434,0.18849713057279588,0.8273524045944214,6804,30917,5968,2330,0.37896329537034035
435,0.26909054163843393,0.7723380923271179,6819,30984,5980,2335,0.3683066461235285
436,0.37516932357102634,0.9140510559082031,6834,31052,5992,2340,0.3624550811946392
437,0.47057770177101094,0.8252160549163818,6852,31126,6000,2346,0.41668517887592316
438,0.14128943756222725,0.6692892909049988,6867,31202,6020,2351,0.3864225894212723
439,0.28179370127618314,0.7870314121246338,6882,31269,6032,2356,0.3632751200348139
440,0.2876302329823375,1.0553685426712036,6897,31341,6048,2361,0.3792501725256443
441,0.1421454880386591,0.5934682488441467,6912,31412,6064,2366,0.3765400405973196
442,0.3252917552366853,1.8991870880126953,6927,31484,6080,2371,0.3775141201913357
443,0.577896353445555,1.4681555032730103,6946,31551,6080,2378,0.40070782601833344
444,0.4413437086623162,2.2747232913970947,6962,31615,6088,2384,0.35083027370274067
445,0.14607028495520352,0.6531397104263306,6977,31691,6108,2389,0.38863907381892204
446,0.15542730856686832,0.5185598134994507,6992,31767,6128,2394,0.39034857600927353
447,0.3398686032742262,1.2759723663330078,7008,31840,6144,2400,0.38347707502543926
448,0.2777689676731825,0.897529125213623,7023,31907,6156,2405,0.3630576506257057
449,0.3394555834432443,0.774135410785675,7041,31990,6172,2411,0.4422476291656494
450,0.01530935033224523,0.06135471537709236,7053,32055,6192,2415,0.32679529301822186
451,0.2670576171949506,1.0622162818908691,7068,32127,6208,2420,0.3765186592936516
452,0.4028941021921734,1.001914381980896,7086,32201,6216,2426,0.4128022585064173
453,0.379817651429524,1.1352195739746094,7104,32275,6224,2432,0.41644952073693275
454,0.20253152429359034,1.4504549503326416,7120,32353,6244,2438,0.4039222616702318
455,0.2616847652941942,0.9042970538139343,7135,32420,6256,2443,0.36188131384551525
456,0.2826862072572112,0.7177411913871765,7150,32487,6268,2448,0.36107801273465157
457,0.37934963442385194,1.2429940700531006,7165,32555,6280,2453,0.3641030713915825
458,0.012177946977317333,0.06117519363760948,7177,32625,6304,2457,0.3353875633329153
459,0.40754351010055917,1.1972213983535767,7196,32700,6312,2464,0.41431513987481594
460,0.30010991083690897,1.2639262676239014,7212,32768,6324,2470,0.3646054919809103
461,0.29475015588104725,1.1253186464309692,7227,32835,6336,2475,0.3621581010520458
462,0.27296509351581333,0.7127083539962769,7242,32902,6348,2480,0.3733656723052263
463,0.13591048531234265,0.8273252248764038,7257,32978,6368,2485,0.3850282784551382
464,0.3676334670499751,1.009060263633728,7276,33053,6376,2492,0.41478139720857143
465,0.11345265060663223,0.4709290862083435,7291,33129,6396,2497,0.3867855314165354
466,0.24216928016394376,0.6726367473602295,7306,33201,6412,2502,0.37362900003790855
467,0.23550682812929152,0.8794859051704407,7321,33268,6424,2507,0.36966185085475445
468,0.2513702282682061,1.096737027168274,7336,33335,6436,2512,0.36242140643298626
469,0.2754974503070116,0.9582938551902771,7351,33407,6452,2517,0.39217834547162056
470,0.010231285355985165,0.054800257086753845,7363,33472,6472,2521,0.3266904316842556
471,0.30268967226147653,2.2006869316101074,7378,33544,6488,2526,0.3942398801445961
472,0.2606858989223838,1.9837207794189453,7393,33612,6500,2531,0.3840004298835993
473,0.405085089430213,1.2783299684524536,7408,33680,6512,2536,0.3799592796713114
474,0.37701848883400946,1.7275184392929077,7425,33745,6520,2543,0.3811558373272419
475,0.403968523722142,1.231736660003662,7443,33819,6528,2549,0.4172480385750532
476,0.1316676303744316,0.8654383420944214,7458,33900,6552,2554,0.4101053960621357
477,0.11264283861964941,0.5915854573249817,7473,33976,6572,2559,0.3914529122412205
478,0.4215571244712919,1.1678249835968018,7491,34050,6580,2565,0.4257257301360369
479,0.425157103765135,0.8670860528945923,7509,34124,6588,2571,0.4224702138453722
480,0.17129380023106933,0.9062458276748657,7521,34190,6608,2575,0.33872682973742485
481,0.012393606547266244,0.05859420448541641,7536,34265,6628,2580,0.3962337803095579
482,0.44718677704957754,1.1784617900848389,7555,34340,6636,2587,0.418321019038558
483,0.2744981474534143,0.9371060132980347,7571,34404,6644,2593,0.3596010450273752
484,0.011160137131810188,0.05126575008034706,7586,34479,6664,2598,0.3867226894944906
485,0.24333515148609877,0.8380780220031738,7601,34551,6680,2603,0.3769488241523504
486,0.32080134679563344,1.8830299377441406,7617,34620,6692,2609,0.3730564024299383
487,0.3959122240388145,1.2622631788253784,7635,34690,6696,2615,0.4045493099838495
488,0.25547198858112097,0.9588556289672852,7653,34768,6708,2621,0.43277839571237564
489,0.3251869625411928,1.1392303705215454,7668,34836,6720,2626,0.36785202845931053
490,0.11537932679057121,0.5096307396888733,7683,34907,6736,2631,0.3792380280792713
491,0.22528564445126584,0.6929735541343689,7700,34976,6748,2638,0.3778244312852621
492,0.12552820378914475,0.5290031433105469,7715,35047,6764,2643,0.3797178156673908
493,0.2723103922326118,0.6358952522277832,7733,35125,6776,2649,0.43131712079048157
494,0.3092516406128804,0.8202846050262451,7751,35208,6792,2655,0.43938504345715046
495,0.29980011625836295,0.8212214112281799,7769,35286,6804,2661,0.43983193300664425
496,0.10757030826061964,0.49677327275276184,7784,35357,6820,2666,0.3751954101026058
497,0.14458161510992795,0.6763427257537842,7796,35423,6840,2670,0.33128002285957336
498,0.2568318114223841,2.579084634780884,7815,35503,6852,2677,0.4295736886560917
499,0.3568925652652979,1.3477290868759155,7830,35571,6864,2682,0.36786626651883125
500,0.3298411681316793,1.0598167181015015,7845,35639,6876,2687,0.3702471926808357
501,0.09492878010496497,0.4235185384750366,7860,35715,6896,2692,0.40389132872223854
502,0.2994206910021603,1.0801881551742554,7875,35783,6908,2697,0.3609652705490589
503,0.2456182636320591,0.8854766488075256,7890,35850,6920,2702,0.34842413291335106
504,0.007460690103471279,0.03198154643177986,7902,35920,6944,2706,0.32525897584855556
505,0.3489584482740611,0.8825984597206116,7920,35994,6952,2712,0.39728734642267227
506,0.2686375111031036,0.6383360028266907,7938,36077,6968,2718,0.4200240485370159
507,0.3821506755426526,1.1949183940887451,7953,36141,6976,2723,0.3387021142989397
508,0.1367426741635427,3.4531521797180176,7969,36218,6996,2729,0.3749946728348732
509,0.3369038913709422,0.803149402141571,7987,36292,7004,2735,0.39720374904572964
510,0.28409937778487804,0.9293527603149414,8002,36360,7016,2740,0.3529561944305897
511,0.2190012473613024,1.0269018411636353,8017,36427,7028,2745,0.3463387154042721
512,0.11194563591852784,0.455953449010849,8032,36498,7044,2750,0.35791305266320705
513,0.1174346199259162,0.46733811497688293,8047,36569,7060,2755,0.3569424729794264
514,0.33228991185560036,33.502281188964844,8066,36644,7068,2762,0.3973753359168768
515,0.19343637749552728,0.5792161226272583,8081,36716,7084,2767,0.36158161237835884
516,0.30228538787923753,0.9624119997024536,8097,36785,7096,2773,0.3619228694587946
517,0.12289167605340481,0.4665825366973877,8112,36861,7116,2778,0.4041937440633774
518,0.2084598525427282,0.6319733262062073,8127,36933,7132,2783,0.39262791723012924
519,0.24102388418396004,1.1693353652954102,8143,37006,7148,2789,0.404017586261034
520,0.17857054946944118,0.7529761791229248,8159,37074,7160,2795,0.3778116498142481
521,0.24364415081217886,0.8717948794364929,8174,37141,7172,2800,0.37441024743020535
522,0.33073497641210753,1.4474682807922363,8192,37215,7180,2806,0.4187498092651367
523,0.22043971379753202,0.9917430877685547,8208,37279,7188,2812,0.35258049704134464
524,0.11701449397951365,0.583343505859375,8223,37350,7204,2817,0.3804967124015093
525,0.19881460648030042,0.8712867498397827,8238,37422,7220,2822,0.3982546366751194
526,0.153317978605628,0.6752343773841858,8253,37494,7236,2827,0.4007147327065468
527,0.21988584827631713,0.9959120154380798,8268,37562,7248,2832,0.3923635855317116
528,0.22444541463628412,0.8243886232376099,8283,37634,7264,2837,0.38203745521605015
529,0.10120057379826904,0.5698521733283997,8298,37710,7284,2842,0.3843361418694258
530,0.3688972926077743,0.8526096343994141,8316,37784,7292,2848,0.4134155157953501
531,0.24527938608662225,1.2886884212493896,8332,37848,7300,2854,0.35878317058086395
532,0.04829084986704402,1.9994642734527588,8348,37920,7316,2860,0.389598585665226
533,0.1981153041124344,0.9164687991142273,8363,37992,7332,2865,0.39478129148483276
534,0.3164964890107512,0.8165774941444397,8378,38060,7344,2870,0.35996289923787117
535,0.09507867144420742,0.3994537591934204,8393,38141,7368,2875,0.3991486430168152
536,0.2173693527467549,0.6562042832374573,8408,38213,7384,2880,0.37672274000942707
537,0.25937107428908346,1.0008478164672852,8423,38277,7392,2885,0.35070531629025936
538,0.11309112543240189,0.4925670027732849,8438,38348,7408,2890,0.372353320941329
539,0.21743026813492178,1.0303066968917847,8453,38420,7424,2895,0.3745365720242262
540,0.22005609042632082,0.6513878703117371,8471,38498,7436,2901,0.42058609053492546
541,0.38775021745823324,1.1209303140640259,8489,38568,7440,2907,0.3987792581319809
542,0.19858219409361483,0.6118025183677673,8504,38635,7452,2912,0.3612178359180689
543,0.23629717313451692,1.4647659063339233,8520,38708,7468,2918,0.382426580414176
544,0.0903029783628881,0.3499264121055603,8535,38779,7484,2923,0.374944219365716
545,0.3145570973375518,1.1067988872528076,8554,38850,7488,2930,0.41847874969244003
546,0.10778086297214032,0.40426909923553467,8569,38926,7508,2935,0.40397738479077816
547,0.19015746330842376,2.2139668464660645,8585,38999,7524,2941,0.3983498830348253
548,0.08376810569316148,0.3709980547428131,8600,39070,7540,2946,0.3872437197715044
549,0.18380525531247258,0.6412079334259033,8615,39142,7556,2951,0.3861228730529547
550,0.005119642009958625,0.026487644761800766,8627,39207,7576,2955,0.342732198536396
551,0.29660972238828737,1.3407114744186401,8645,39281,7584,2961,0.43549657240509987
552,0.34665506907428306,1.131217122077942,8663,39355,7592,2967,0.4162382371723652
553,0.1917550745420158,0.7630016207695007,8678,39422,7604,2972,0.366277240216732
554,0.0043238983489573,0.027327142655849457,8690,39487,7624,2976,0.3306575771421194
555,0.258186609018594,1.0981916189193726,8705,39555,7636,2981,0.36568754725158215
556,0.19043796500191093,0.7472648620605469,8720,39627,7652,2986,0.39995784498751163
557,0.0943204022012651,0.5823531150817871,8735,39703,7672,2991,0.3919685687869787
558,0.3064664793445876,1.1305278539657593,8754,39774,7676,2998,0.40676259621977806
559,0.20016755897086114,1.5679665803909302,8770,39842,7688,3004,0.381333751603961
560,0.2962390861939639,0.8589046001434326,8788,39916,7696,3010,0.41508827544748783
561,0.10954754529520869,0.6903478503227234,8803,39988,7712,3015,0.38617265224456787
562,0.09640103150159121,0.3674841523170471,8818,40059,7728,3020,0.3759966064244509
563,0.22977077532559634,0.7280720472335815,8833,40127,7740,3025,0.3653519731014967
564,0.1724053111858666,0.677401065826416,8848,40199,7756,3030,0.37775783985853195
565,0.08353412402793765,0.41954755783081055,8863,40280,7780,3035,0.3984734117984772
566,0.24815013678744435,0.7247779965400696,8878,40348,7792,3040,0.3674598168581724
567,0.11568801691755652,0.7167550921440125,8893,40419,7808,3045,0.379342220723629
568,0.16710538379265927,1.2289892435073853,8909,40487,7820,3051,0.3630702346563339
569,0.3617152507416904,0.9794509410858154,8924,40551,7828,3056,0.3551358375698328
570,0.13820765456184744,0.6745232939720154,8939,40618,7840,3061,0.3638733569532633
571,0.12055830479948781,2.541639804840088,8955,40686,7852,3067,0.3669397719204426
572,0.19048760510049761,0.6513965725898743,8970,40758,7868,3072,0.37799946777522564
573,0.2824846066456909,0.7326663732528687,8988,40832,7876,3078,0.41476200707256794
574,0.17108028861694038,0.6577271819114685,9003,40899,7888,3083,0.3640453927218914
575,0.18157708026410546,1.000777006149292,9019,40972,7904,3089,0.37958917766809464
576,0.33046578988432884,7.2941670417785645,9037,41046,7912,3095,0.41505037620663643
577,0.09429997466504574,0.812441885471344,9052,41117,7928,3100,0.3772552628070116
578,0.2792914510704577,0.8064887523651123,9067,41190,7944,3105,0.38084176555275917
579,0.06610134039074182,0.4125734567642212,9082,41266,7964,3110,0.39101106859743595
580,0.16446256674826146,0.823326051235199,9097,41333,7976,3115,0.3623490799218416
581,0.22740894304588438,0.9593408703804016,9112,41401,7988,3120,0.3686598539352417
582,0.15541785911773331,1.4624660015106201,9128,41470,8000,3126,0.389118317514658
583,0.17562325866892933,0.578815221786499,9143,41537,8012,3131,0.37994199618697166
584,0.17817247244529427,0.7683884501457214,9158,41604,8024,3136,0.36602672189474106
585,0.0042159121367149055,0.02448228932917118,9170,41669,8044,3140,0.3259522132575512
586,0.2189941209120055,0.7817439436912537,9188,41747,8056,3146,0.43456660956144333
587,0.23502838908461854,1.7898461818695068,9204,41816,8068,3152,0.3745096419006586
588,0.08633527494966983,0.5097647309303284,9219,41892,8088,3157,0.3940242566168308
589,0.0052479676669463515,0.027002951130270958,9231,41957,8108,3161,0.33025822788476944
590,0.3079103480093181,1.0862234830856323,9246,42021,8116,3166,0.3812500722706318
591,0.17790900617837907,0.65724116563797,9261,42093,8132,3171,0.38288569264113903
592,0.1818388662301004,0.9394170641899109,9276,42165,8148,3176,0.3811517506837845
593,0.21386574977077544,1.0986593961715698,9294,42239,8156,3182,0.42800237610936165
594,0.34338102372069107,1.9733808040618896,9313,42306,8156,3189,0.3939490057528019
595,0.1759496179409325,1.1163885593414307,9328,42383,8176,3194,0.39149425365030766
596,0.10973534816876054,0.5019093155860901,9343,42450,8188,3199,0.3629420157521963
597,0.09465688803174999,0.7583523392677307,9359,42522,8204,3205,0.37522798404097557
598,0.004041997715830803,0.020092690363526344,9374,42597,8224,3210,0.3849153332412243
599,0.15088645522482694,0.7907723188400269,9389,42664,8236,3215,0.36416138149797916
600,0.2434808339457959,0.8883931040763855,9404,42732,8248,3220,0.3713737353682518
