id,host,output,model,kind,state,parent_experiment_id,review_family,review_decision,batch,input_batch_target,input_batch_policy,ce_tokens,ce_token_budget,optimizer_updates,data_sha256,tokenizer_sha256,audit_findings,limitations
exp-b043eae6c700,local,mf1-draft-v1,minifrontier1,training,updates_complete_unqualified,,mf1-integration,integration_only,,,mf1_whole_example,0,,2,3b38695209490bac0051f9d5f957f288b858faf176b46a45460e803e7e42815f,98709625a9b309859e514a0e45f934025d45fa50fbb94af5d43245a4bb150dcf,[],"[""fixture 运行不能证明正式 RL、教师资格或草稿加速"", ""台账条数包含阶段和安装用例，不等于独立科学试验数""]"
exp-b975f2daabc8,local,mf1-language-instructions-v1/adamw-lr1e-4,minifrontier1,training,stopped_for_review,,mf1-instructions,stopped_for_review,,512,mf1_whole_example,1501,100000,15,5ce5f1ddcfbe1d5540768da71c2c1cb3b02631f0f443ebc83c3d0ed9641c630e,bb945c7cb8b57a26b01f2dfb36ab6cb3a53da76fc533b102774313b7964a43fb,[],"[""约 2 CE/s；先修执行性能，再以新计划恢复研究"", ""初始检查点来自不同 LR 控制分支，因此不是同初始化的独立 LR 消融""]"
exp-3e88b55a595f,local,mf1-language-instructions-v1/adamw-lr2e-5,minifrontier1,training,stopped_for_review,,mf1-instructions,stopped_for_review,,512,mf1_whole_example,1708,100000,17,5ce5f1ddcfbe1d5540768da71c2c1cb3b02631f0f443ebc83c3d0ed9641c630e,bb945c7cb8b57a26b01f2dfb36ab6cb3a53da76fc533b102774313b7964a43fb,[],"[""约 2 CE/s；先修执行性能，再以新计划恢复研究"", ""初始检查点来自不同 LR 控制分支，因此不是同初始化的独立 LR 消融""]"
exp-01572ccd7781,local,mf1-language-sft-v1/adamw-lr1e-4,minifrontier1,training,complete,,mf1-learning,retain_diagnostic,,512,mf1_whole_example,30129,30000,177,42e8471df251d74101227a95af123bfe201b867cf61a643922598c1f0e4efb56,bb945c7cb8b57a26b01f2dfb36ab6cb3a53da76fc533b102774313b7964a43fb,[],"[""不能证明融合优于简单基线"", ""生成数据和训练内 32/32 不代表开放域对话能力"", ""视觉匹配、置黑、错配以及留出结果分别解释""]"
exp-631d6a908205,local,mf1-language-sft-v1/adamw-lr2e-5,minifrontier1,training,complete,,mf1-learning,retain_diagnostic,,512,mf1_whole_example,30129,30000,177,42e8471df251d74101227a95af123bfe201b867cf61a643922598c1f0e4efb56,bb945c7cb8b57a26b01f2dfb36ab6cb3a53da76fc533b102774313b7964a43fb,[],"[""不能证明融合优于简单基线"", ""生成数据和训练内 32/32 不代表开放域对话能力"", ""视觉匹配、置黑、错配以及留出结果分别解释""]"
exp-41788d56659e,local,mf1-mechanism-v1/adamw-lr1.5e-4,minifrontier1,training,complete,,mf1-learning,retain_diagnostic,,1024,mf1_whole_example,500853,500000,477,460c78731e3842c7dc2cbeec651e57ba234a0c93fec6af29a2e41154fece2db1,bb945c7cb8b57a26b01f2dfb36ab6cb3a53da76fc533b102774313b7964a43fb,[],"[""不能证明融合优于简单基线"", ""生成数据和训练内 32/32 不代表开放域对话能力"", ""视觉匹配、置黑、错配以及留出结果分别解释""]"
exp-9cff03153b4b,local,mf1-mechanism-v1/adamw-lr3e-4,minifrontier1,training,complete,,mf1-learning,retain_diagnostic,,1024,mf1_whole_example,500853,500000,477,460c78731e3842c7dc2cbeec651e57ba234a0c93fec6af29a2e41154fece2db1,bb945c7cb8b57a26b01f2dfb36ab6cb3a53da76fc533b102774313b7964a43fb,[],"[""不能证明融合优于简单基线"", ""生成数据和训练内 32/32 不代表开放域对话能力"", ""视觉匹配、置黑、错配以及留出结果分别解释""]"
exp-a6c93a594cf8,local,mf1-overfit-reference-v1,minifrontier1,training,budget_complete_unqualified,,mf1-learning,retain_diagnostic,,64,mf1_whole_example,9404,,600,3b38695209490bac0051f9d5f957f288b858faf176b46a45460e803e7e42815f,98709625a9b309859e514a0e45f934025d45fa50fbb94af5d43245a4bb150dcf,[],"[""不能证明融合优于简单基线"", ""生成数据和训练内 32/32 不代表开放域对话能力"", ""视觉匹配、置黑、错配以及留出结果分别解释""]"
exp-e30f3aa30eb4,local,mf1-overfit-reference-v2,minifrontier1,training,budget_complete_unqualified,,mf1-learning,retain_diagnostic,,64,mf1_whole_example,9404,,600,4e811f528eee8a887d98a01ca8a3241db100e18b0e6ac24cc3d5e780f0e02e98,98709625a9b309859e514a0e45f934025d45fa50fbb94af5d43245a4bb150dcf,[],"[""不能证明融合优于简单基线"", ""生成数据和训练内 32/32 不代表开放域对话能力"", ""视觉匹配、置黑、错配以及留出结果分别解释""]"
exp-a93314a9e297,local,mf1-performance-v1/batch-screen-512,minifrontier1,synthetic,complete,,mf1-performance,finish_bounded_measurements,,,mf1_whole_example,0,,0,,,[],"[""512 短序列吞吐不能外推 8K native 多模态"", ""MB 8/16 仍约 68 CE/s，批量大小未解决 reference 调度瓶颈"", ""性能通过不等于正确性或能力通过""]"
exp-02534d9c0286,local,mf1-performance-v1/operator-baseline,minifrontier1,synthetic,complete,,mf1-performance,finish_bounded_measurements,,,mf1_whole_example,0,,0,,,[],"[""512 短序列吞吐不能外推 8K native 多模态"", ""MB 8/16 仍约 68 CE/s，批量大小未解决 reference 调度瓶颈"", ""性能通过不等于正确性或能力通过""]"
exp-71b8c33efdef,local,mf1-performance-v2/batch-screen-512,minifrontier1,synthetic,complete,,mf1-performance,finish_bounded_measurements,,,mf1_whole_example,0,,0,,,[],"[""512 短序列吞吐不能外推 8K native 多模态"", ""MB 8/16 仍约 68 CE/s，批量大小未解决 reference 调度瓶颈"", ""性能通过不等于正确性或能力通过""]"
exp-40eeec9d2e47,local,mf1-performance-v2/image-196,minifrontier1,synthetic,complete,,mf1-performance,finish_bounded_measurements,,,mf1_whole_example,0,,0,,,[],"[""512 短序列吞吐不能外推 8K native 多模态"", ""MB 8/16 仍约 68 CE/s，批量大小未解决 reference 调度瓶颈"", ""性能通过不等于正确性或能力通过""]"
exp-62f39c60a574,local,mf1-performance-v2/length-2048,minifrontier1,synthetic,complete,,mf1-performance,finish_bounded_measurements,,,mf1_whole_example,0,,0,,,[],"[""512 短序列吞吐不能外推 8K native 多模态"", ""MB 8/16 仍约 68 CE/s，批量大小未解决 reference 调度瓶颈"", ""性能通过不等于正确性或能力通过""]"
exp-567af209bdc5,local,mf1-performance-v2/steady-512,minifrontier1,synthetic,complete,,mf1-performance,finish_bounded_measurements,,,mf1_whole_example,0,,0,,,[],"[""512 短序列吞吐不能外推 8K native 多模态"", ""MB 8/16 仍约 68 CE/s，批量大小未解决 reference 调度瓶颈"", ""性能通过不等于正确性或能力通过""]"
exp-a3d8457d6fb0,local,mf1-post-dev1/draft,minifrontier1,training,budget_complete_unqualified,,mf1-integration,integration_only,,,mf1_whole_example,0,,2,3b38695209490bac0051f9d5f957f288b858faf176b46a45460e803e7e42815f,98709625a9b309859e514a0e45f934025d45fa50fbb94af5d43245a4bb150dcf,[],"[""fixture 运行不能证明正式 RL、教师资格或草稿加速"", ""台账条数包含阶段和安装用例，不等于独立科学试验数""]"
exp-3ec891fa3028,local,mf1-post-dev1/rl,minifrontier1,training,unverified,,mf1-integration,integration_only,,,mf1_whole_example,0,,0,3b38695209490bac0051f9d5f957f288b858faf176b46a45460e803e7e42815f,98709625a9b309859e514a0e45f934025d45fa50fbb94af5d43245a4bb150dcf,[],"[""fixture 运行不能证明正式 RL、教师资格或草稿加速"", ""台账条数包含阶段和安装用例，不等于独立科学试验数""]"
exp-f47ddb805eb5,local,mf1-post-dev2/rl,minifrontier1,training,budget_complete_unqualified,,mf1-integration,integration_only,,,mf1_whole_example,0,,0,3b38695209490bac0051f9d5f957f288b858faf176b46a45460e803e7e42815f,98709625a9b309859e514a0e45f934025d45fa50fbb94af5d43245a4bb150dcf,[],"[""fixture 运行不能证明正式 RL、教师资格或草稿加速"", ""台账条数包含阶段和安装用例，不等于独立科学试验数""]"
exp-9581dbd73213,local,mf1-quickstart-dev1/indexer,minifrontier1,training,budget_complete_unqualified,,mf1-integration,integration_only,,64,mf1_whole_example,0,,2,3b38695209490bac0051f9d5f957f288b858faf176b46a45460e803e7e42815f,98709625a9b309859e514a0e45f934025d45fa50fbb94af5d43245a4bb150dcf,[],"[""fixture 运行不能证明正式 RL、教师资格或草稿加速"", ""台账条数包含阶段和安装用例，不等于独立科学试验数""]"
exp-5e43f2e38943,local,mf1-quickstart-dev1/p2,minifrontier1,training,budget_complete_unqualified,,mf1-integration,integration_only,,64,mf1_whole_example,27,,2,3b38695209490bac0051f9d5f957f288b858faf176b46a45460e803e7e42815f,98709625a9b309859e514a0e45f934025d45fa50fbb94af5d43245a4bb150dcf,[],"[""fixture 运行不能证明正式 RL、教师资格或草稿加速"", ""台账条数包含阶段和安装用例，不等于独立科学试验数""]"
exp-b18959d44d3a,local,mf1-quickstart-dev1/pilot,minifrontier1,training,budget_complete_unqualified,,mf1-integration,integration_only,,64,mf1_whole_example,64,,4,3b38695209490bac0051f9d5f957f288b858faf176b46a45460e803e7e42815f,98709625a9b309859e514a0e45f934025d45fa50fbb94af5d43245a4bb150dcf,[],"[""fixture 运行不能证明正式 RL、教师资格或草稿加速"", ""台账条数包含阶段和安装用例，不等于独立科学试验数""]"
exp-f44968347179,local,mf1-quickstart-dev1/sft,minifrontier1,training,budget_complete_unqualified,,mf1-integration,integration_only,,64,mf1_whole_example,37,,2,3b38695209490bac0051f9d5f957f288b858faf176b46a45460e803e7e42815f,98709625a9b309859e514a0e45f934025d45fa50fbb94af5d43245a4bb150dcf,[],"[""fixture 运行不能证明正式 RL、教师资格或草稿加速"", ""台账条数包含阶段和安装用例，不等于独立科学试验数""]"
exp-400eac71cb81,local,mf1-quickstart-v1/indexer,minifrontier1,training,budget_complete_unqualified,,mf1-integration,integration_only,,64,mf1_whole_example,0,,2,3b38695209490bac0051f9d5f957f288b858faf176b46a45460e803e7e42815f,98709625a9b309859e514a0e45f934025d45fa50fbb94af5d43245a4bb150dcf,[],"[""fixture 运行不能证明正式 RL、教师资格或草稿加速"", ""台账条数包含阶段和安装用例，不等于独立科学试验数""]"
exp-ed7553d2d250,local,mf1-quickstart-v1/p2,minifrontier1,training,budget_complete_unqualified,,mf1-integration,integration_only,,64,mf1_whole_example,27,,2,3b38695209490bac0051f9d5f957f288b858faf176b46a45460e803e7e42815f,98709625a9b309859e514a0e45f934025d45fa50fbb94af5d43245a4bb150dcf,[],"[""fixture 运行不能证明正式 RL、教师资格或草稿加速"", ""台账条数包含阶段和安装用例，不等于独立科学试验数""]"
exp-d4f6f500c4f3,local,mf1-quickstart-v1/pilot,minifrontier1,training,budget_complete_unqualified,,mf1-integration,integration_only,,64,mf1_whole_example,128,,8,3b38695209490bac0051f9d5f957f288b858faf176b46a45460e803e7e42815f,98709625a9b309859e514a0e45f934025d45fa50fbb94af5d43245a4bb150dcf,[],"[""fixture 运行不能证明正式 RL、教师资格或草稿加速"", ""台账条数包含阶段和安装用例，不等于独立科学试验数""]"
exp-07abf8c28340,local,mf1-quickstart-v1/sft,minifrontier1,training,budget_complete_unqualified,,mf1-integration,integration_only,,64,mf1_whole_example,37,,2,3b38695209490bac0051f9d5f957f288b858faf176b46a45460e803e7e42815f,98709625a9b309859e514a0e45f934025d45fa50fbb94af5d43245a4bb150dcf,[],"[""fixture 运行不能证明正式 RL、教师资格或草稿加速"", ""台账条数包含阶段和安装用例，不等于独立科学试验数""]"
exp-5264b0bd8749,local,mf1-quickstart-v2/indexer,minifrontier1,training,budget_complete_unqualified,,mf1-integration,integration_only,,64,mf1_whole_example,0,,2,4e811f528eee8a887d98a01ca8a3241db100e18b0e6ac24cc3d5e780f0e02e98,98709625a9b309859e514a0e45f934025d45fa50fbb94af5d43245a4bb150dcf,[],"[""fixture 运行不能证明正式 RL、教师资格或草稿加速"", ""台账条数包含阶段和安装用例，不等于独立科学试验数""]"
exp-d50124527d5c,local,mf1-quickstart-v2/p2,minifrontier1,training,budget_complete_unqualified,,mf1-integration,integration_only,,64,mf1_whole_example,27,,2,4e811f528eee8a887d98a01ca8a3241db100e18b0e6ac24cc3d5e780f0e02e98,98709625a9b309859e514a0e45f934025d45fa50fbb94af5d43245a4bb150dcf,[],"[""fixture 运行不能证明正式 RL、教师资格或草稿加速"", ""台账条数包含阶段和安装用例，不等于独立科学试验数""]"
exp-ca38ec88fc48,local,mf1-quickstart-v2/pilot,minifrontier1,training,budget_complete_unqualified,,mf1-integration,integration_only,,64,mf1_whole_example,128,,8,4e811f528eee8a887d98a01ca8a3241db100e18b0e6ac24cc3d5e780f0e02e98,98709625a9b309859e514a0e45f934025d45fa50fbb94af5d43245a4bb150dcf,[],"[""fixture 运行不能证明正式 RL、教师资格或草稿加速"", ""台账条数包含阶段和安装用例，不等于独立科学试验数""]"
exp-8edccfcf8bf4,local,mf1-quickstart-v2/sft,minifrontier1,training,budget_complete_unqualified,,mf1-integration,integration_only,,64,mf1_whole_example,37,,2,4e811f528eee8a887d98a01ca8a3241db100e18b0e6ac24cc3d5e780f0e02e98,98709625a9b309859e514a0e45f934025d45fa50fbb94af5d43245a4bb150dcf,[],"[""fixture 运行不能证明正式 RL、教师资格或草稿加速"", ""台账条数包含阶段和安装用例，不等于独立科学试验数""]"
exp-b11f740d5eef,local,mf1-teachers-v1/math-direct,minifrontier1,training,updates_complete_unqualified,,mf1-integration,integration_only,,,mf1_whole_example,0,,0,3b38695209490bac0051f9d5f957f288b858faf176b46a45460e803e7e42815f,98709625a9b309859e514a0e45f934025d45fa50fbb94af5d43245a4bb150dcf,[],"[""fixture 运行不能证明正式 RL、教师资格或草稿加速"", ""台账条数包含阶段和安装用例，不等于独立科学试验数""]"
exp-b7cb4dcb5b01,local,mf1-teachers-v1/vision-direct,minifrontier1,training,updates_complete_unqualified,,mf1-integration,integration_only,,,mf1_whole_example,0,,0,3b38695209490bac0051f9d5f957f288b858faf176b46a45460e803e7e42815f,98709625a9b309859e514a0e45f934025d45fa50fbb94af5d43245a4bb150dcf,[],"[""fixture 运行不能证明正式 RL、教师资格或草稿加速"", ""台账条数包含阶段和安装用例，不等于独立科学试验数""]"
exp-09f8652a0469,local,mf1-wheel-outside/precommit-quickstart/minideepseekv4/pretrain,minideepseekv4,training,complete,,mf1-integration,integration_only,2,,legacy_whole_microbatch,224,,8,04b1091adcb41f1fdb95ad5af2ca1901c0a37f82f5c5bb9524f260910a7d227a,2ffbbcae11e4976309666b5a81d6452fce082dcc593033eeac63a3c6f44115bd,[],"[""fixture 运行不能证明正式 RL、教师资格或草稿加速"", ""台账条数包含阶段和安装用例，不等于独立科学试验数""]"
exp-096dd0116bf7,local,mf1-wheel-outside/precommit-quickstart/minideepseekv4/sft,minideepseekv4,training,complete,,mf1-integration,integration_only,2,,legacy_whole_microbatch,36,,8,04b1091adcb41f1fdb95ad5af2ca1901c0a37f82f5c5bb9524f260910a7d227a,2ffbbcae11e4976309666b5a81d6452fce082dcc593033eeac63a3c6f44115bd,[],"[""fixture 运行不能证明正式 RL、教师资格或草稿加速"", ""台账条数包含阶段和安装用例，不等于独立科学试验数""]"
exp-778c623757d3,local,mf1-wheel-outside/precommit-quickstart/minifrontier1/indexer,minifrontier1,training,budget_complete_unqualified,,mf1-integration,integration_only,,64,mf1_whole_example,0,,2,4e811f528eee8a887d98a01ca8a3241db100e18b0e6ac24cc3d5e780f0e02e98,98709625a9b309859e514a0e45f934025d45fa50fbb94af5d43245a4bb150dcf,[],"[""fixture 运行不能证明正式 RL、教师资格或草稿加速"", ""台账条数包含阶段和安装用例，不等于独立科学试验数""]"
exp-bbbed46f67eb,local,mf1-wheel-outside/precommit-quickstart/minifrontier1/p2,minifrontier1,training,budget_complete_unqualified,,mf1-integration,integration_only,,64,mf1_whole_example,27,,2,4e811f528eee8a887d98a01ca8a3241db100e18b0e6ac24cc3d5e780f0e02e98,98709625a9b309859e514a0e45f934025d45fa50fbb94af5d43245a4bb150dcf,[],"[""fixture 运行不能证明正式 RL、教师资格或草稿加速"", ""台账条数包含阶段和安装用例，不等于独立科学试验数""]"
exp-4eeeffca284a,local,mf1-wheel-outside/precommit-quickstart/minifrontier1/pilot,minifrontier1,training,budget_complete_unqualified,,mf1-integration,integration_only,,64,mf1_whole_example,128,,8,4e811f528eee8a887d98a01ca8a3241db100e18b0e6ac24cc3d5e780f0e02e98,98709625a9b309859e514a0e45f934025d45fa50fbb94af5d43245a4bb150dcf,[],"[""fixture 运行不能证明正式 RL、教师资格或草稿加速"", ""台账条数包含阶段和安装用例，不等于独立科学试验数""]"
exp-6844d33e80e4,local,mf1-wheel-outside/precommit-quickstart/minifrontier1/sft,minifrontier1,training,budget_complete_unqualified,,mf1-integration,integration_only,,64,mf1_whole_example,37,,2,4e811f528eee8a887d98a01ca8a3241db100e18b0e6ac24cc3d5e780f0e02e98,98709625a9b309859e514a0e45f934025d45fa50fbb94af5d43245a4bb150dcf,[],"[""fixture 运行不能证明正式 RL、教师资格或草稿加速"", ""台账条数包含阶段和安装用例，不等于独立科学试验数""]"
exp-6a81e0093497,local,mf1-wheel-outside/precommit-quickstart/minikimik3/pretrain,minikimik3,training,complete,,mf1-integration,integration_only,2,,legacy_whole_microbatch,224,,8,04b1091adcb41f1fdb95ad5af2ca1901c0a37f82f5c5bb9524f260910a7d227a,2ffbbcae11e4976309666b5a81d6452fce082dcc593033eeac63a3c6f44115bd,[],"[""fixture 运行不能证明正式 RL、教师资格或草稿加速"", ""台账条数包含阶段和安装用例，不等于独立科学试验数""]"
exp-3ecd1ee0d8a3,local,mf1-wheel-outside/precommit-quickstart/minikimik3/sft,minikimik3,training,complete,,mf1-integration,integration_only,2,,legacy_whole_microbatch,36,,8,04b1091adcb41f1fdb95ad5af2ca1901c0a37f82f5c5bb9524f260910a7d227a,2ffbbcae11e4976309666b5a81d6452fce082dcc593033eeac63a3c6f44115bd,[],"[""fixture 运行不能证明正式 RL、教师资格或草稿加速"", ""台账条数包含阶段和安装用例，不等于独立科学试验数""]"
exp-99bdb5deeceb,local,mf1-wheel-outside/precommit-quickstart/miniqwen4/pretrain,miniqwen4,training,complete,,mf1-integration,integration_only,2,,legacy_whole_microbatch,224,,8,04b1091adcb41f1fdb95ad5af2ca1901c0a37f82f5c5bb9524f260910a7d227a,2ffbbcae11e4976309666b5a81d6452fce082dcc593033eeac63a3c6f44115bd,[],"[""fixture 运行不能证明正式 RL、教师资格或草稿加速"", ""台账条数包含阶段和安装用例，不等于独立科学试验数""]"
exp-26a75c136f8c,local,mf1-wheel-outside/precommit-quickstart/miniqwen4/sft,miniqwen4,training,complete,,mf1-integration,integration_only,2,,legacy_whole_microbatch,36,,8,04b1091adcb41f1fdb95ad5af2ca1901c0a37f82f5c5bb9524f260910a7d227a,2ffbbcae11e4976309666b5a81d6452fce082dcc593033eeac63a3c6f44115bd,[],"[""fixture 运行不能证明正式 RL、教师资格或草稿加速"", ""台账条数包含阶段和安装用例，不等于独立科学试验数""]"
exp-77519a2305a4,local,mf1-wheel-outside/quickstart/minideepseekv4/pretrain,minideepseekv4,training,complete,,mf1-integration,integration_only,2,,legacy_whole_microbatch,224,,8,04b1091adcb41f1fdb95ad5af2ca1901c0a37f82f5c5bb9524f260910a7d227a,2ffbbcae11e4976309666b5a81d6452fce082dcc593033eeac63a3c6f44115bd,[],"[""fixture 运行不能证明正式 RL、教师资格或草稿加速"", ""台账条数包含阶段和安装用例，不等于独立科学试验数""]"
exp-3ac2315a7f7f,local,mf1-wheel-outside/quickstart/minideepseekv4/sft,minideepseekv4,training,complete,,mf1-integration,integration_only,2,,legacy_whole_microbatch,36,,8,04b1091adcb41f1fdb95ad5af2ca1901c0a37f82f5c5bb9524f260910a7d227a,2ffbbcae11e4976309666b5a81d6452fce082dcc593033eeac63a3c6f44115bd,[],"[""fixture 运行不能证明正式 RL、教师资格或草稿加速"", ""台账条数包含阶段和安装用例，不等于独立科学试验数""]"
exp-ad89fcc5f1b3,local,mf1-wheel-outside/quickstart/minifrontier1/indexer,minifrontier1,training,budget_complete_unqualified,,mf1-integration,integration_only,,64,mf1_whole_example,0,,2,3b38695209490bac0051f9d5f957f288b858faf176b46a45460e803e7e42815f,98709625a9b309859e514a0e45f934025d45fa50fbb94af5d43245a4bb150dcf,[],"[""fixture 运行不能证明正式 RL、教师资格或草稿加速"", ""台账条数包含阶段和安装用例，不等于独立科学试验数""]"
exp-9e80d88777ca,local,mf1-wheel-outside/quickstart/minifrontier1/p2,minifrontier1,training,budget_complete_unqualified,,mf1-integration,integration_only,,64,mf1_whole_example,27,,2,3b38695209490bac0051f9d5f957f288b858faf176b46a45460e803e7e42815f,98709625a9b309859e514a0e45f934025d45fa50fbb94af5d43245a4bb150dcf,[],"[""fixture 运行不能证明正式 RL、教师资格或草稿加速"", ""台账条数包含阶段和安装用例，不等于独立科学试验数""]"
exp-55a15605317b,local,mf1-wheel-outside/quickstart/minifrontier1/pilot,minifrontier1,training,budget_complete_unqualified,,mf1-integration,integration_only,,64,mf1_whole_example,128,,8,3b38695209490bac0051f9d5f957f288b858faf176b46a45460e803e7e42815f,98709625a9b309859e514a0e45f934025d45fa50fbb94af5d43245a4bb150dcf,[],"[""fixture 运行不能证明正式 RL、教师资格或草稿加速"", ""台账条数包含阶段和安装用例，不等于独立科学试验数""]"
exp-2ae5768ff329,local,mf1-wheel-outside/quickstart/minifrontier1/sft,minifrontier1,training,budget_complete_unqualified,,mf1-integration,integration_only,,64,mf1_whole_example,37,,2,3b38695209490bac0051f9d5f957f288b858faf176b46a45460e803e7e42815f,98709625a9b309859e514a0e45f934025d45fa50fbb94af5d43245a4bb150dcf,[],"[""fixture 运行不能证明正式 RL、教师资格或草稿加速"", ""台账条数包含阶段和安装用例，不等于独立科学试验数""]"
exp-02c27a71a83e,local,mf1-wheel-outside/quickstart/minikimik3/pretrain,minikimik3,training,complete,,mf1-integration,integration_only,2,,legacy_whole_microbatch,224,,8,04b1091adcb41f1fdb95ad5af2ca1901c0a37f82f5c5bb9524f260910a7d227a,2ffbbcae11e4976309666b5a81d6452fce082dcc593033eeac63a3c6f44115bd,[],"[""fixture 运行不能证明正式 RL、教师资格或草稿加速"", ""台账条数包含阶段和安装用例，不等于独立科学试验数""]"
exp-934633a99dba,local,mf1-wheel-outside/quickstart/minikimik3/sft,minikimik3,training,complete,,mf1-integration,integration_only,2,,legacy_whole_microbatch,36,,8,04b1091adcb41f1fdb95ad5af2ca1901c0a37f82f5c5bb9524f260910a7d227a,2ffbbcae11e4976309666b5a81d6452fce082dcc593033eeac63a3c6f44115bd,[],"[""fixture 运行不能证明正式 RL、教师资格或草稿加速"", ""台账条数包含阶段和安装用例，不等于独立科学试验数""]"
exp-a40d747e56c4,local,mf1-wheel-outside/quickstart/miniqwen4/pretrain,miniqwen4,training,complete,,mf1-integration,integration_only,2,,legacy_whole_microbatch,224,,8,04b1091adcb41f1fdb95ad5af2ca1901c0a37f82f5c5bb9524f260910a7d227a,2ffbbcae11e4976309666b5a81d6452fce082dcc593033eeac63a3c6f44115bd,[],"[""fixture 运行不能证明正式 RL、教师资格或草稿加速"", ""台账条数包含阶段和安装用例，不等于独立科学试验数""]"
exp-71ca4338bddf,local,mf1-wheel-outside/quickstart/miniqwen4/sft,miniqwen4,training,complete,,mf1-integration,integration_only,2,,legacy_whole_microbatch,36,,8,04b1091adcb41f1fdb95ad5af2ca1901c0a37f82f5c5bb9524f260910a7d227a,2ffbbcae11e4976309666b5a81d6452fce082dcc593033eeac63a3c6f44115bd,[],"[""fixture 运行不能证明正式 RL、教师资格或草稿加速"", ""台账条数包含阶段和安装用例，不等于独立科学试验数""]"
exp-797aa27c28d7,local,mf1-wheel-outside/quickstart-v2/minideepseekv4/pretrain,minideepseekv4,training,complete,,mf1-integration,integration_only,2,,legacy_whole_microbatch,224,,8,04b1091adcb41f1fdb95ad5af2ca1901c0a37f82f5c5bb9524f260910a7d227a,2ffbbcae11e4976309666b5a81d6452fce082dcc593033eeac63a3c6f44115bd,[],"[""fixture 运行不能证明正式 RL、教师资格或草稿加速"", ""台账条数包含阶段和安装用例，不等于独立科学试验数""]"
exp-f800b23d7a79,local,mf1-wheel-outside/quickstart-v2/minideepseekv4/sft,minideepseekv4,training,complete,,mf1-integration,integration_only,2,,legacy_whole_microbatch,36,,8,04b1091adcb41f1fdb95ad5af2ca1901c0a37f82f5c5bb9524f260910a7d227a,2ffbbcae11e4976309666b5a81d6452fce082dcc593033eeac63a3c6f44115bd,[],"[""fixture 运行不能证明正式 RL、教师资格或草稿加速"", ""台账条数包含阶段和安装用例，不等于独立科学试验数""]"
exp-1af16f411e49,local,mf1-wheel-outside/quickstart-v2/minifrontier1/indexer,minifrontier1,training,budget_complete_unqualified,,mf1-integration,integration_only,,64,mf1_whole_example,0,,2,4e811f528eee8a887d98a01ca8a3241db100e18b0e6ac24cc3d5e780f0e02e98,98709625a9b309859e514a0e45f934025d45fa50fbb94af5d43245a4bb150dcf,[],"[""fixture 运行不能证明正式 RL、教师资格或草稿加速"", ""台账条数包含阶段和安装用例，不等于独立科学试验数""]"
exp-5f532d8ccce4,local,mf1-wheel-outside/quickstart-v2/minifrontier1/p2,minifrontier1,training,budget_complete_unqualified,,mf1-integration,integration_only,,64,mf1_whole_example,27,,2,4e811f528eee8a887d98a01ca8a3241db100e18b0e6ac24cc3d5e780f0e02e98,98709625a9b309859e514a0e45f934025d45fa50fbb94af5d43245a4bb150dcf,[],"[""fixture 运行不能证明正式 RL、教师资格或草稿加速"", ""台账条数包含阶段和安装用例，不等于独立科学试验数""]"
exp-f83b6e024c44,local,mf1-wheel-outside/quickstart-v2/minifrontier1/pilot,minifrontier1,training,budget_complete_unqualified,,mf1-integration,integration_only,,64,mf1_whole_example,128,,8,4e811f528eee8a887d98a01ca8a3241db100e18b0e6ac24cc3d5e780f0e02e98,98709625a9b309859e514a0e45f934025d45fa50fbb94af5d43245a4bb150dcf,[],"[""fixture 运行不能证明正式 RL、教师资格或草稿加速"", ""台账条数包含阶段和安装用例，不等于独立科学试验数""]"
exp-382e71595787,local,mf1-wheel-outside/quickstart-v2/minifrontier1/sft,minifrontier1,training,budget_complete_unqualified,,mf1-integration,integration_only,,64,mf1_whole_example,37,,2,4e811f528eee8a887d98a01ca8a3241db100e18b0e6ac24cc3d5e780f0e02e98,98709625a9b309859e514a0e45f934025d45fa50fbb94af5d43245a4bb150dcf,[],"[""fixture 运行不能证明正式 RL、教师资格或草稿加速"", ""台账条数包含阶段和安装用例，不等于独立科学试验数""]"
exp-021b3a4f9750,local,mf1-wheel-outside/quickstart-v2/minikimik3/pretrain,minikimik3,training,complete,,mf1-integration,integration_only,2,,legacy_whole_microbatch,224,,8,04b1091adcb41f1fdb95ad5af2ca1901c0a37f82f5c5bb9524f260910a7d227a,2ffbbcae11e4976309666b5a81d6452fce082dcc593033eeac63a3c6f44115bd,[],"[""fixture 运行不能证明正式 RL、教师资格或草稿加速"", ""台账条数包含阶段和安装用例，不等于独立科学试验数""]"
exp-4b6486f6ba7a,local,mf1-wheel-outside/quickstart-v2/minikimik3/sft,minikimik3,training,complete,,mf1-integration,integration_only,2,,legacy_whole_microbatch,36,,8,04b1091adcb41f1fdb95ad5af2ca1901c0a37f82f5c5bb9524f260910a7d227a,2ffbbcae11e4976309666b5a81d6452fce082dcc593033eeac63a3c6f44115bd,[],"[""fixture 运行不能证明正式 RL、教师资格或草稿加速"", ""台账条数包含阶段和安装用例，不等于独立科学试验数""]"
exp-55b6bc498576,local,mf1-wheel-outside/quickstart-v2/miniqwen4/pretrain,miniqwen4,training,complete,,mf1-integration,integration_only,2,,legacy_whole_microbatch,224,,8,04b1091adcb41f1fdb95ad5af2ca1901c0a37f82f5c5bb9524f260910a7d227a,2ffbbcae11e4976309666b5a81d6452fce082dcc593033eeac63a3c6f44115bd,[],"[""fixture 运行不能证明正式 RL、教师资格或草稿加速"", ""台账条数包含阶段和安装用例，不等于独立科学试验数""]"
exp-d1c5d4468442,local,mf1-wheel-outside/quickstart-v2/miniqwen4/sft,miniqwen4,training,complete,,mf1-integration,integration_only,2,,legacy_whole_microbatch,36,,8,04b1091adcb41f1fdb95ad5af2ca1901c0a37f82f5c5bb9524f260910a7d227a,2ffbbcae11e4976309666b5a81d6452fce082dcc593033eeac63a3c6f44115bd,[],"[""fixture 运行不能证明正式 RL、教师资格或草稿加速"", ""台账条数包含阶段和安装用例，不等于独立科学试验数""]"
exp-e5887b8aafb9,local,mf1-wheel-outside/reorganized-quickstart/minideepseekv4/pretrain,minideepseekv4,training,complete,,mf1-integration,integration_only,2,,legacy_whole_microbatch,224,,8,04b1091adcb41f1fdb95ad5af2ca1901c0a37f82f5c5bb9524f260910a7d227a,2ffbbcae11e4976309666b5a81d6452fce082dcc593033eeac63a3c6f44115bd,[],"[""fixture 运行不能证明正式 RL、教师资格或草稿加速"", ""台账条数包含阶段和安装用例，不等于独立科学试验数""]"
exp-9654e93d3f40,local,mf1-wheel-outside/reorganized-quickstart/minideepseekv4/sft,minideepseekv4,training,complete,,mf1-integration,integration_only,2,,legacy_whole_microbatch,36,,8,04b1091adcb41f1fdb95ad5af2ca1901c0a37f82f5c5bb9524f260910a7d227a,2ffbbcae11e4976309666b5a81d6452fce082dcc593033eeac63a3c6f44115bd,[],"[""fixture 运行不能证明正式 RL、教师资格或草稿加速"", ""台账条数包含阶段和安装用例，不等于独立科学试验数""]"
exp-ba8a6ccc5452,local,mf1-wheel-outside/reorganized-quickstart/minifrontier1/indexer,minifrontier1,training,budget_complete_unqualified,,mf1-integration,integration_only,,64,mf1_whole_example,0,,2,4e811f528eee8a887d98a01ca8a3241db100e18b0e6ac24cc3d5e780f0e02e98,98709625a9b309859e514a0e45f934025d45fa50fbb94af5d43245a4bb150dcf,[],"[""fixture 运行不能证明正式 RL、教师资格或草稿加速"", ""台账条数包含阶段和安装用例，不等于独立科学试验数""]"
exp-126c895edf19,local,mf1-wheel-outside/reorganized-quickstart/minifrontier1/p2,minifrontier1,training,budget_complete_unqualified,,mf1-integration,integration_only,,64,mf1_whole_example,27,,2,4e811f528eee8a887d98a01ca8a3241db100e18b0e6ac24cc3d5e780f0e02e98,98709625a9b309859e514a0e45f934025d45fa50fbb94af5d43245a4bb150dcf,[],"[""fixture 运行不能证明正式 RL、教师资格或草稿加速"", ""台账条数包含阶段和安装用例，不等于独立科学试验数""]"
exp-9779134881a5,local,mf1-wheel-outside/reorganized-quickstart/minifrontier1/pilot,minifrontier1,training,budget_complete_unqualified,,mf1-integration,integration_only,,64,mf1_whole_example,128,,8,4e811f528eee8a887d98a01ca8a3241db100e18b0e6ac24cc3d5e780f0e02e98,98709625a9b309859e514a0e45f934025d45fa50fbb94af5d43245a4bb150dcf,[],"[""fixture 运行不能证明正式 RL、教师资格或草稿加速"", ""台账条数包含阶段和安装用例，不等于独立科学试验数""]"
exp-583e4d0fb28d,local,mf1-wheel-outside/reorganized-quickstart/minifrontier1/sft,minifrontier1,training,budget_complete_unqualified,,mf1-integration,integration_only,,64,mf1_whole_example,37,,2,4e811f528eee8a887d98a01ca8a3241db100e18b0e6ac24cc3d5e780f0e02e98,98709625a9b309859e514a0e45f934025d45fa50fbb94af5d43245a4bb150dcf,[],"[""fixture 运行不能证明正式 RL、教师资格或草稿加速"", ""台账条数包含阶段和安装用例，不等于独立科学试验数""]"
exp-6b5d5e73ac32,local,mf1-wheel-outside/reorganized-quickstart/minikimik3/pretrain,minikimik3,training,complete,,mf1-integration,integration_only,2,,legacy_whole_microbatch,224,,8,04b1091adcb41f1fdb95ad5af2ca1901c0a37f82f5c5bb9524f260910a7d227a,2ffbbcae11e4976309666b5a81d6452fce082dcc593033eeac63a3c6f44115bd,[],"[""fixture 运行不能证明正式 RL、教师资格或草稿加速"", ""台账条数包含阶段和安装用例，不等于独立科学试验数""]"
exp-e3ac257e2331,local,mf1-wheel-outside/reorganized-quickstart/minikimik3/sft,minikimik3,training,complete,,mf1-integration,integration_only,2,,legacy_whole_microbatch,36,,8,04b1091adcb41f1fdb95ad5af2ca1901c0a37f82f5c5bb9524f260910a7d227a,2ffbbcae11e4976309666b5a81d6452fce082dcc593033eeac63a3c6f44115bd,[],"[""fixture 运行不能证明正式 RL、教师资格或草稿加速"", ""台账条数包含阶段和安装用例，不等于独立科学试验数""]"
exp-3090c63b0cb8,local,mf1-wheel-outside/reorganized-quickstart/miniqwen4/pretrain,miniqwen4,training,complete,,mf1-integration,integration_only,2,,legacy_whole_microbatch,224,,8,04b1091adcb41f1fdb95ad5af2ca1901c0a37f82f5c5bb9524f260910a7d227a,2ffbbcae11e4976309666b5a81d6452fce082dcc593033eeac63a3c6f44115bd,[],"[""fixture 运行不能证明正式 RL、教师资格或草稿加速"", ""台账条数包含阶段和安装用例，不等于独立科学试验数""]"
exp-6dba403bc2b7,local,mf1-wheel-outside/reorganized-quickstart/miniqwen4/sft,miniqwen4,training,complete,,mf1-integration,integration_only,2,,legacy_whole_microbatch,36,,8,04b1091adcb41f1fdb95ad5af2ca1901c0a37f82f5c5bb9524f260910a7d227a,2ffbbcae11e4976309666b5a81d6452fce082dcc593033eeac63a3c6f44115bd,[],"[""fixture 运行不能证明正式 RL、教师资格或草稿加速"", ""台账条数包含阶段和安装用例，不等于独立科学试验数""]"
exp-6ad3817809ae,local,minideepseekv4/acceptance-v1/dense_distill,minideepseekv4,training,complete,,legacy-language,archive_only,1,,legacy_whole_microbatch,0,,0,3d746de7bdfbc77716be1488a2d1e8878a31f5626b399b1a39fe834e47603d91,b9b54028a08f12b7dac8da9bedfdf7c9c13cff8b7d015ffeb15570971764fccb,"[""missing_source""]","[""训练结束不代表语言能力通过"", ""旧语料、tokenizer 和配置不能并入新策略预算""]"
exp-1a800579010e,local,minideepseekv4/acceptance-v1/dpo,minideepseekv4,training,complete,,legacy-language,archive_only,1,,legacy_whole_microbatch,0,,0,3d746de7bdfbc77716be1488a2d1e8878a31f5626b399b1a39fe834e47603d91,b9b54028a08f12b7dac8da9bedfdf7c9c13cff8b7d015ffeb15570971764fccb,"[""missing_source""]","[""训练结束不代表语言能力通过"", ""旧语料、tokenizer 和配置不能并入新策略预算""]"
exp-8c13d25f4f91,local,minideepseekv4/acceptance-v1/pretrain,minideepseekv4,training,complete,,legacy-language,archive_only,1,,legacy_whole_microbatch,0,,0,3d746de7bdfbc77716be1488a2d1e8878a31f5626b399b1a39fe834e47603d91,b9b54028a08f12b7dac8da9bedfdf7c9c13cff8b7d015ffeb15570971764fccb,"[""missing_source""]","[""训练结束不代表语言能力通过"", ""旧语料、tokenizer 和配置不能并入新策略预算""]"
exp-8536d4d3c0f1,local,minideepseekv4/acceptance-v1/sft,minideepseekv4,training,complete,,legacy-language,archive_only,1,,legacy_whole_microbatch,0,,0,3d746de7bdfbc77716be1488a2d1e8878a31f5626b399b1a39fe834e47603d91,b9b54028a08f12b7dac8da9bedfdf7c9c13cff8b7d015ffeb15570971764fccb,"[""missing_source""]","[""训练结束不代表语言能力通过"", ""旧语料、tokenizer 和配置不能并入新策略预算""]"
exp-f98c32ca10f7,local,minideepseekv4/acceptance-v1/sparse_cpt,minideepseekv4,training,complete,,legacy-language,archive_only,1,,legacy_whole_microbatch,0,,0,3d746de7bdfbc77716be1488a2d1e8878a31f5626b399b1a39fe834e47603d91,b9b54028a08f12b7dac8da9bedfdf7c9c13cff8b7d015ffeb15570971764fccb,"[""missing_source""]","[""训练结束不代表语言能力通过"", ""旧语料、tokenizer 和配置不能并入新策略预算""]"
exp-d942cb4fb79e,local,minideepseekv4/educational-v1/dense_distill,minideepseekv4,training,complete,,legacy-language,archive_only,2,,legacy_whole_microbatch,0,,0,3d746de7bdfbc77716be1488a2d1e8878a31f5626b399b1a39fe834e47603d91,b9b54028a08f12b7dac8da9bedfdf7c9c13cff8b7d015ffeb15570971764fccb,"[""missing_source""]","[""训练结束不代表语言能力通过"", ""旧语料、tokenizer 和配置不能并入新策略预算""]"
exp-2f9f70d24eae,local,minideepseekv4/educational-v1/dpo,minideepseekv4,training,complete,,legacy-language,archive_only,2,,legacy_whole_microbatch,0,,0,3d746de7bdfbc77716be1488a2d1e8878a31f5626b399b1a39fe834e47603d91,b9b54028a08f12b7dac8da9bedfdf7c9c13cff8b7d015ffeb15570971764fccb,"[""missing_source""]","[""训练结束不代表语言能力通过"", ""旧语料、tokenizer 和配置不能并入新策略预算""]"
exp-f3e15b0e72a3,local,minideepseekv4/educational-v1/pretrain,minideepseekv4,training,complete,,legacy-language,archive_only,2,,legacy_whole_microbatch,0,,0,3d746de7bdfbc77716be1488a2d1e8878a31f5626b399b1a39fe834e47603d91,b9b54028a08f12b7dac8da9bedfdf7c9c13cff8b7d015ffeb15570971764fccb,"[""missing_source""]","[""训练结束不代表语言能力通过"", ""旧语料、tokenizer 和配置不能并入新策略预算""]"
exp-21281c8bc61a,local,minideepseekv4/educational-v1/sft,minideepseekv4,training,complete,,legacy-language,archive_only,2,,legacy_whole_microbatch,0,,0,3d746de7bdfbc77716be1488a2d1e8878a31f5626b399b1a39fe834e47603d91,b9b54028a08f12b7dac8da9bedfdf7c9c13cff8b7d015ffeb15570971764fccb,"[""missing_source""]","[""训练结束不代表语言能力通过"", ""旧语料、tokenizer 和配置不能并入新策略预算""]"
exp-b3d5f9dd4c36,local,minideepseekv4/educational-v1/sparse_cpt,minideepseekv4,training,complete,,legacy-language,archive_only,2,,legacy_whole_microbatch,0,,0,3d746de7bdfbc77716be1488a2d1e8878a31f5626b399b1a39fe834e47603d91,b9b54028a08f12b7dac8da9bedfdf7c9c13cff8b7d015ffeb15570971764fccb,"[""missing_source""]","[""训练结束不代表语言能力通过"", ""旧语料、tokenizer 和配置不能并入新策略预算""]"
exp-8eb5a454a546,local,minideepseekv4/memorization-probe-v1/sft,minideepseekv4,training,complete,,legacy-language,archive_only,4,,legacy_whole_microbatch,0,,0,a4b850928610f608fddb779890c09c26a4c19b119c21a32509468ae929f72447,b9b54028a08f12b7dac8da9bedfdf7c9c13cff8b7d015ffeb15570971764fccb,"[""missing_source""]","[""训练结束不代表语言能力通过"", ""旧语料、tokenizer 和配置不能并入新策略预算""]"
exp-e110daa4ede7,local,minikimik3/acceptance-v1/dpo,minikimik3,training,complete,,legacy-language,archive_only,1,,legacy_whole_microbatch,0,,0,3d746de7bdfbc77716be1488a2d1e8878a31f5626b399b1a39fe834e47603d91,b9b54028a08f12b7dac8da9bedfdf7c9c13cff8b7d015ffeb15570971764fccb,"[""missing_source""]","[""训练结束不代表语言能力通过"", ""旧语料、tokenizer 和配置不能并入新策略预算""]"
exp-8c256673bb97,local,minikimik3/acceptance-v1/pretrain,minikimik3,training,complete,,legacy-language,archive_only,1,,legacy_whole_microbatch,0,,0,3d746de7bdfbc77716be1488a2d1e8878a31f5626b399b1a39fe834e47603d91,b9b54028a08f12b7dac8da9bedfdf7c9c13cff8b7d015ffeb15570971764fccb,"[""missing_source""]","[""训练结束不代表语言能力通过"", ""旧语料、tokenizer 和配置不能并入新策略预算""]"
exp-5a469731cd9b,local,minikimik3/acceptance-v1/sft,minikimik3,training,complete,,legacy-language,archive_only,1,,legacy_whole_microbatch,0,,0,3d746de7bdfbc77716be1488a2d1e8878a31f5626b399b1a39fe834e47603d91,b9b54028a08f12b7dac8da9bedfdf7c9c13cff8b7d015ffeb15570971764fccb,"[""missing_source""]","[""训练结束不代表语言能力通过"", ""旧语料、tokenizer 和配置不能并入新策略预算""]"
exp-127961814910,local,minikimik3/educational-v1/dpo,minikimik3,training,complete,,legacy-language,archive_only,2,,legacy_whole_microbatch,0,,0,3d746de7bdfbc77716be1488a2d1e8878a31f5626b399b1a39fe834e47603d91,b9b54028a08f12b7dac8da9bedfdf7c9c13cff8b7d015ffeb15570971764fccb,"[""missing_source""]","[""训练结束不代表语言能力通过"", ""旧语料、tokenizer 和配置不能并入新策略预算""]"
exp-efea2c8b7d06,local,minikimik3/educational-v1/pretrain,minikimik3,training,complete,,legacy-language,archive_only,2,,legacy_whole_microbatch,0,,0,3d746de7bdfbc77716be1488a2d1e8878a31f5626b399b1a39fe834e47603d91,b9b54028a08f12b7dac8da9bedfdf7c9c13cff8b7d015ffeb15570971764fccb,"[""missing_source""]","[""训练结束不代表语言能力通过"", ""旧语料、tokenizer 和配置不能并入新策略预算""]"
exp-c83224c09fb0,local,minikimik3/educational-v1/sft,minikimik3,training,complete,,legacy-language,archive_only,2,,legacy_whole_microbatch,0,,0,3d746de7bdfbc77716be1488a2d1e8878a31f5626b399b1a39fe834e47603d91,b9b54028a08f12b7dac8da9bedfdf7c9c13cff8b7d015ffeb15570971764fccb,"[""missing_source""]","[""训练结束不代表语言能力通过"", ""旧语料、tokenizer 和配置不能并入新策略预算""]"
exp-be71419d6017,local,minikimik3/memorization-probe-v1/sft,minikimik3,training,complete,,legacy-language,archive_only,4,,legacy_whole_microbatch,0,,0,a4b850928610f608fddb779890c09c26a4c19b119c21a32509468ae929f72447,b9b54028a08f12b7dac8da9bedfdf7c9c13cff8b7d015ffeb15570971764fccb,"[""missing_source""]","[""训练结束不代表语言能力通过"", ""旧语料、tokenizer 和配置不能并入新策略预算""]"
exp-04f11b19b494,local,miniqwen4/acceptance-context/dense_distill,miniqwen4,training,complete,,legacy-language,archive_only,1,,legacy_whole_microbatch,0,,0,3d746de7bdfbc77716be1488a2d1e8878a31f5626b399b1a39fe834e47603d91,b9b54028a08f12b7dac8da9bedfdf7c9c13cff8b7d015ffeb15570971764fccb,"[""missing_source""]","[""训练结束不代表语言能力通过"", ""旧语料、tokenizer 和配置不能并入新策略预算""]"
exp-17b4eb186c22,local,miniqwen4/acceptance-context/sparse_cpt,miniqwen4,training,complete,,legacy-language,archive_only,2,,legacy_whole_microbatch,0,,0,3d746de7bdfbc77716be1488a2d1e8878a31f5626b399b1a39fe834e47603d91,b9b54028a08f12b7dac8da9bedfdf7c9c13cff8b7d015ffeb15570971764fccb,"[""missing_source""]","[""训练结束不代表语言能力通过"", ""旧语料、tokenizer 和配置不能并入新策略预算""]"
exp-e7ccd0a54570,local,miniqwen4/acceptance-v1/dense_distill,miniqwen4,training,complete,,legacy-language,archive_only,1,,legacy_whole_microbatch,0,,0,3d746de7bdfbc77716be1488a2d1e8878a31f5626b399b1a39fe834e47603d91,b9b54028a08f12b7dac8da9bedfdf7c9c13cff8b7d015ffeb15570971764fccb,"[""missing_source""]","[""训练结束不代表语言能力通过"", ""旧语料、tokenizer 和配置不能并入新策略预算""]"
exp-39ebdf4067be,local,miniqwen4/acceptance-v1/dpo,miniqwen4,training,complete,,legacy-language,archive_only,1,,legacy_whole_microbatch,0,,0,3d746de7bdfbc77716be1488a2d1e8878a31f5626b399b1a39fe834e47603d91,b9b54028a08f12b7dac8da9bedfdf7c9c13cff8b7d015ffeb15570971764fccb,"[""missing_source""]","[""训练结束不代表语言能力通过"", ""旧语料、tokenizer 和配置不能并入新策略预算""]"
exp-66f704b78f4e,local,miniqwen4/acceptance-v1/pretrain,miniqwen4,training,complete,,legacy-language,archive_only,1,,legacy_whole_microbatch,0,,0,3d746de7bdfbc77716be1488a2d1e8878a31f5626b399b1a39fe834e47603d91,b9b54028a08f12b7dac8da9bedfdf7c9c13cff8b7d015ffeb15570971764fccb,"[""missing_source""]","[""训练结束不代表语言能力通过"", ""旧语料、tokenizer 和配置不能并入新策略预算""]"
exp-919bbe683574,local,miniqwen4/acceptance-v1/sft,miniqwen4,training,complete,,legacy-language,archive_only,1,,legacy_whole_microbatch,0,,0,3d746de7bdfbc77716be1488a2d1e8878a31f5626b399b1a39fe834e47603d91,b9b54028a08f12b7dac8da9bedfdf7c9c13cff8b7d015ffeb15570971764fccb,"[""missing_source""]","[""训练结束不代表语言能力通过"", ""旧语料、tokenizer 和配置不能并入新策略预算""]"
exp-e58a065d2a18,local,miniqwen4/acceptance-v1/sparse_cpt,miniqwen4,training,complete,,legacy-language,archive_only,1,,legacy_whole_microbatch,0,,0,3d746de7bdfbc77716be1488a2d1e8878a31f5626b399b1a39fe834e47603d91,b9b54028a08f12b7dac8da9bedfdf7c9c13cff8b7d015ffeb15570971764fccb,"[""missing_source""]","[""训练结束不代表语言能力通过"", ""旧语料、tokenizer 和配置不能并入新策略预算""]"
exp-3a17c4c246c6,local,miniqwen4/educational-v1/dense_distill,miniqwen4,training,complete,,legacy-language,archive_only,2,,legacy_whole_microbatch,0,,0,3d746de7bdfbc77716be1488a2d1e8878a31f5626b399b1a39fe834e47603d91,b9b54028a08f12b7dac8da9bedfdf7c9c13cff8b7d015ffeb15570971764fccb,"[""missing_source""]","[""训练结束不代表语言能力通过"", ""旧语料、tokenizer 和配置不能并入新策略预算""]"
exp-85479ae3b582,local,miniqwen4/educational-v1/dpo,miniqwen4,training,complete,,legacy-language,archive_only,2,,legacy_whole_microbatch,0,,0,3d746de7bdfbc77716be1488a2d1e8878a31f5626b399b1a39fe834e47603d91,b9b54028a08f12b7dac8da9bedfdf7c9c13cff8b7d015ffeb15570971764fccb,"[""missing_source""]","[""训练结束不代表语言能力通过"", ""旧语料、tokenizer 和配置不能并入新策略预算""]"
exp-d8071e3a0ba8,local,miniqwen4/educational-v1/pretrain,miniqwen4,training,complete,,legacy-language,archive_only,2,,legacy_whole_microbatch,0,,0,3d746de7bdfbc77716be1488a2d1e8878a31f5626b399b1a39fe834e47603d91,b9b54028a08f12b7dac8da9bedfdf7c9c13cff8b7d015ffeb15570971764fccb,"[""missing_source""]","[""训练结束不代表语言能力通过"", ""旧语料、tokenizer 和配置不能并入新策略预算""]"
exp-4c3054da1cbe,local,miniqwen4/educational-v1/sft,miniqwen4,training,complete,,legacy-language,archive_only,2,,legacy_whole_microbatch,0,,0,3d746de7bdfbc77716be1488a2d1e8878a31f5626b399b1a39fe834e47603d91,b9b54028a08f12b7dac8da9bedfdf7c9c13cff8b7d015ffeb15570971764fccb,"[""missing_source""]","[""训练结束不代表语言能力通过"", ""旧语料、tokenizer 和配置不能并入新策略预算""]"
exp-e30b2103d403,local,miniqwen4/educational-v1/sparse_cpt,miniqwen4,training,complete,,legacy-language,archive_only,2,,legacy_whole_microbatch,0,,0,3d746de7bdfbc77716be1488a2d1e8878a31f5626b399b1a39fe834e47603d91,b9b54028a08f12b7dac8da9bedfdf7c9c13cff8b7d015ffeb15570971764fccb,"[""missing_source""]","[""训练结束不代表语言能力通过"", ""旧语料、tokenizer 和配置不能并入新策略预算""]"
exp-cae63e342497,local,miniqwen4/memorization-probe-v1/sft,miniqwen4,training,complete,,legacy-language,archive_only,4,,legacy_whole_microbatch,0,,0,a4b850928610f608fddb779890c09c26a4c19b119c21a32509468ae929f72447,b9b54028a08f12b7dac8da9bedfdf7c9c13cff8b7d015ffeb15570971764fccb,"[""missing_source""]","[""训练结束不代表语言能力通过"", ""旧语料、tokenizer 和配置不能并入新策略预算""]"
exp-0a7415ed1f98,local,performance-real-batch-v1/minikimik3-mb16,minikimik3,training,failed,,batch-screens,execution_evidence_only,,,legacy_whole_microbatch,0,0,0,,,"[""missing_data_sha256"", ""missing_tokenizer_sha256""]","[""合成固定 input 更新与真实非 padding 累积必须分开"", ""1M CE / 32 例验证只能筛异常，不能冻结训练配方"", ""主机确认不能替代同机受控对照"", ""MF1 benchmark 的 microbatch 不能自动用于 MF1 trainer""]"
exp-d255fb9e6dd8,local,performance-real-batch-v1/miniqwen4-mb16,miniqwen4,training,failed,,batch-screens,execution_evidence_only,,,legacy_whole_microbatch,0,0,0,,,"[""missing_data_sha256"", ""missing_tokenizer_sha256""]","[""合成固定 input 更新与真实非 padding 累积必须分开"", ""1M CE / 32 例验证只能筛异常，不能冻结训练配方"", ""主机确认不能替代同机受控对照"", ""MF1 benchmark 的 microbatch 不能自动用于 MF1 trainer""]"
exp-39c9a80172e8,local,performance-real-batch-v2/minideepseekv4-mb16,minideepseekv4,training,complete,,batch-screens,execution_evidence_only,16,16384,legacy_whole_microbatch,92567,80000,5,4fd93e0b8d2e8bcebfcc8ffa71c592653d1ac91402fb3c856f6dc4ece6b33520,2a85c8917120b6501e3fd5bd30e9f8bf8a8f08ac89e07dae522f9940bb92306b,"[""deepseek_muon_lr_argument_unused"", ""whole_microbatch_global_batch_overshoot""]","[""合成固定 input 更新与真实非 padding 累积必须分开"", ""1M CE / 32 例验证只能筛异常，不能冻结训练配方"", ""主机确认不能替代同机受控对照"", ""MF1 benchmark 的 microbatch 不能自动用于 MF1 trainer""]"
exp-c1425c5f61e2,local,performance-real-batch-v2/minikimik3-mb16,minikimik3,training,complete,,batch-screens,execution_evidence_only,16,16384,legacy_whole_microbatch,92360,80000,5,c0884a102fd5f3dce0002c1e21a9c4acf2d5b241a56638976e4c3a04eb20e78d,2a85c8917120b6501e3fd5bd30e9f8bf8a8f08ac89e07dae522f9940bb92306b,"[""whole_microbatch_global_batch_overshoot""]","[""合成固定 input 更新与真实非 padding 累积必须分开"", ""1M CE / 32 例验证只能筛异常，不能冻结训练配方"", ""主机确认不能替代同机受控对照"", ""MF1 benchmark 的 microbatch 不能自动用于 MF1 trainer""]"
exp-7755f75ec795,local,performance-real-batch-v2/miniqwen4-mb16,miniqwen4,training,complete,,batch-screens,execution_evidence_only,16,16384,legacy_whole_microbatch,92650,80000,5,c66c42fd7bc99a1b46e61b47fe613228882820a6d3500a63b7ece3ab9063571d,2a85c8917120b6501e3fd5bd30e9f8bf8a8f08ac89e07dae522f9940bb92306b,"[""whole_microbatch_global_batch_overshoot""]","[""合成固定 input 更新与真实非 padding 累积必须分开"", ""1M CE / 32 例验证只能筛异常，不能冻结训练配方"", ""主机确认不能替代同机受控对照"", ""MF1 benchmark 的 microbatch 不能自动用于 MF1 trainer""]"
exp-3322508a4bd8,local,performance-tuning-v1/minideepseekv4,minideepseekv4,synthetic,complete,,batch-screens,execution_evidence_only,,,legacy_whole_microbatch,0,0,0,,,[],"[""合成固定 input 更新与真实非 padding 累积必须分开"", ""1M CE / 32 例验证只能筛异常，不能冻结训练配方"", ""主机确认不能替代同机受控对照"", ""MF1 benchmark 的 microbatch 不能自动用于 MF1 trainer""]"
exp-5532618d967e,local,performance-tuning-v1/minifrontier1,unknown,synthetic,complete,,batch-screens,execution_evidence_only,,,legacy_whole_microbatch,0,0,0,,,[],"[""合成固定 input 更新与真实非 padding 累积必须分开"", ""1M CE / 32 例验证只能筛异常，不能冻结训练配方"", ""主机确认不能替代同机受控对照"", ""MF1 benchmark 的 microbatch 不能自动用于 MF1 trainer""]"
exp-7cb9c62e2480,local,performance-tuning-v1/minikimik3,minikimik3,synthetic,complete,,batch-screens,execution_evidence_only,,,legacy_whole_microbatch,0,0,0,,,[],"[""合成固定 input 更新与真实非 padding 累积必须分开"", ""1M CE / 32 例验证只能筛异常，不能冻结训练配方"", ""主机确认不能替代同机受控对照"", ""MF1 benchmark 的 microbatch 不能自动用于 MF1 trainer""]"
exp-23f604b11d51,local,performance-tuning-v1/miniqwen4,miniqwen4,synthetic,complete,,batch-screens,execution_evidence_only,,,legacy_whole_microbatch,0,0,0,,,[],"[""合成固定 input 更新与真实非 padding 累积必须分开"", ""1M CE / 32 例验证只能筛异常，不能冻结训练配方"", ""主机确认不能替代同机受控对照"", ""MF1 benchmark 的 microbatch 不能自动用于 MF1 trainer""]"
exp-6ae2e4c6cb0d,local,preview-installed-wheel-quickstart/minideepseekv4/pretrain,minideepseekv4,training,complete,,source-integration,integration_only,2,,legacy_whole_microbatch,224,,8,04b1091adcb41f1fdb95ad5af2ca1901c0a37f82f5c5bb9524f260910a7d227a,2ffbbcae11e4976309666b5a81d6452fce082dcc593033eeac63a3c6f44115bd,[],"[""小配置和生成 fixture 数据仅用于外部用户安装/执行验收，不作为架构优劣或模型能力证据""]"
exp-dbdb6e6c501c,local,preview-installed-wheel-quickstart/minideepseekv4/sft,minideepseekv4,training,complete,,source-integration,integration_only,2,,legacy_whole_microbatch,36,,8,04b1091adcb41f1fdb95ad5af2ca1901c0a37f82f5c5bb9524f260910a7d227a,2ffbbcae11e4976309666b5a81d6452fce082dcc593033eeac63a3c6f44115bd,[],"[""小配置和生成 fixture 数据仅用于外部用户安装/执行验收，不作为架构优劣或模型能力证据""]"
exp-52bd39608b69,local,preview-installed-wheel-quickstart/minikimik3/pretrain,minikimik3,training,complete,,source-integration,integration_only,2,,legacy_whole_microbatch,224,,8,04b1091adcb41f1fdb95ad5af2ca1901c0a37f82f5c5bb9524f260910a7d227a,2ffbbcae11e4976309666b5a81d6452fce082dcc593033eeac63a3c6f44115bd,[],"[""小配置和生成 fixture 数据仅用于外部用户安装/执行验收，不作为架构优劣或模型能力证据""]"
exp-1a7c4a3c799b,local,preview-installed-wheel-quickstart/minikimik3/sft,minikimik3,training,complete,,source-integration,integration_only,2,,legacy_whole_microbatch,36,,8,04b1091adcb41f1fdb95ad5af2ca1901c0a37f82f5c5bb9524f260910a7d227a,2ffbbcae11e4976309666b5a81d6452fce082dcc593033eeac63a3c6f44115bd,[],"[""小配置和生成 fixture 数据仅用于外部用户安装/执行验收，不作为架构优劣或模型能力证据""]"
exp-3a8897d51138,local,preview-installed-wheel-quickstart/miniqwen4/pretrain,miniqwen4,training,complete,,source-integration,integration_only,2,,legacy_whole_microbatch,224,,8,04b1091adcb41f1fdb95ad5af2ca1901c0a37f82f5c5bb9524f260910a7d227a,2ffbbcae11e4976309666b5a81d6452fce082dcc593033eeac63a3c6f44115bd,[],"[""小配置和生成 fixture 数据仅用于外部用户安装/执行验收，不作为架构优劣或模型能力证据""]"
exp-87dfcada209d,local,preview-installed-wheel-quickstart/miniqwen4/sft,miniqwen4,training,complete,,source-integration,integration_only,2,,legacy_whole_microbatch,36,,8,04b1091adcb41f1fdb95ad5af2ca1901c0a37f82f5c5bb9524f260910a7d227a,2ffbbcae11e4976309666b5a81d6452fce082dcc593033eeac63a3c6f44115bd,[],"[""小配置和生成 fixture 数据仅用于外部用户安装/执行验收，不作为架构优劣或模型能力证据""]"
exp-f4c3f26cafa1,local,preview-quickstart-3090-v1/minideepseekv4/pretrain,minideepseekv4,training,complete,,source-integration,integration_only,2,,legacy_whole_microbatch,224,,8,04b1091adcb41f1fdb95ad5af2ca1901c0a37f82f5c5bb9524f260910a7d227a,2ffbbcae11e4976309666b5a81d6452fce082dcc593033eeac63a3c6f44115bd,[],"[""小配置和生成 fixture 数据仅用于外部用户安装/执行验收，不作为架构优劣或模型能力证据""]"
exp-45aaf85446cc,local,preview-quickstart-3090-v1/minideepseekv4/sft,minideepseekv4,training,complete,,source-integration,integration_only,2,,legacy_whole_microbatch,36,,8,04b1091adcb41f1fdb95ad5af2ca1901c0a37f82f5c5bb9524f260910a7d227a,2ffbbcae11e4976309666b5a81d6452fce082dcc593033eeac63a3c6f44115bd,[],"[""小配置和生成 fixture 数据仅用于外部用户安装/执行验收，不作为架构优劣或模型能力证据""]"
exp-703c4c2596aa,local,preview-quickstart-3090-v1/minikimik3/pretrain,minikimik3,training,complete,,source-integration,integration_only,2,,legacy_whole_microbatch,224,,8,04b1091adcb41f1fdb95ad5af2ca1901c0a37f82f5c5bb9524f260910a7d227a,2ffbbcae11e4976309666b5a81d6452fce082dcc593033eeac63a3c6f44115bd,[],"[""小配置和生成 fixture 数据仅用于外部用户安装/执行验收，不作为架构优劣或模型能力证据""]"
exp-0ec9860c2b03,local,preview-quickstart-3090-v1/minikimik3/sft,minikimik3,training,complete,,source-integration,integration_only,2,,legacy_whole_microbatch,36,,8,04b1091adcb41f1fdb95ad5af2ca1901c0a37f82f5c5bb9524f260910a7d227a,2ffbbcae11e4976309666b5a81d6452fce082dcc593033eeac63a3c6f44115bd,[],"[""小配置和生成 fixture 数据仅用于外部用户安装/执行验收，不作为架构优劣或模型能力证据""]"
exp-b3f89524d63f,local,preview-quickstart-3090-v1/miniqwen4/pretrain,miniqwen4,training,complete,,source-integration,integration_only,2,,legacy_whole_microbatch,224,,8,04b1091adcb41f1fdb95ad5af2ca1901c0a37f82f5c5bb9524f260910a7d227a,2ffbbcae11e4976309666b5a81d6452fce082dcc593033eeac63a3c6f44115bd,[],"[""小配置和生成 fixture 数据仅用于外部用户安装/执行验收，不作为架构优劣或模型能力证据""]"
exp-49a3c6df63c4,local,preview-quickstart-3090-v1/miniqwen4/sft,miniqwen4,training,complete,,source-integration,integration_only,2,,legacy_whole_microbatch,36,,8,04b1091adcb41f1fdb95ad5af2ca1901c0a37f82f5c5bb9524f260910a7d227a,2ffbbcae11e4976309666b5a81d6452fce082dcc593033eeac63a3c6f44115bd,[],"[""小配置和生成 fixture 数据仅用于外部用户安装/执行验收，不作为架构优劣或模型能力证据""]"
exp-15bb1cd54dab,local,preview-quickstart-cpu-v1/minideepseekv4/pretrain,minideepseekv4,training,complete,,source-integration,integration_only,2,,legacy_whole_microbatch,224,,8,04b1091adcb41f1fdb95ad5af2ca1901c0a37f82f5c5bb9524f260910a7d227a,2ffbbcae11e4976309666b5a81d6452fce082dcc593033eeac63a3c6f44115bd,[],"[""小配置和生成 fixture 数据仅用于外部用户安装/执行验收，不作为架构优劣或模型能力证据""]"
exp-32aba585f747,local,preview-quickstart-cpu-v1/minideepseekv4/sft,minideepseekv4,training,complete,,source-integration,integration_only,2,,legacy_whole_microbatch,36,,8,04b1091adcb41f1fdb95ad5af2ca1901c0a37f82f5c5bb9524f260910a7d227a,2ffbbcae11e4976309666b5a81d6452fce082dcc593033eeac63a3c6f44115bd,[],"[""小配置和生成 fixture 数据仅用于外部用户安装/执行验收，不作为架构优劣或模型能力证据""]"
exp-765a44f562ae,local,preview-quickstart-cpu-v1/minikimik3/pretrain,minikimik3,training,complete,,source-integration,integration_only,2,,legacy_whole_microbatch,224,,8,04b1091adcb41f1fdb95ad5af2ca1901c0a37f82f5c5bb9524f260910a7d227a,2ffbbcae11e4976309666b5a81d6452fce082dcc593033eeac63a3c6f44115bd,[],"[""小配置和生成 fixture 数据仅用于外部用户安装/执行验收，不作为架构优劣或模型能力证据""]"
exp-60e731c8bbbf,local,preview-quickstart-cpu-v1/minikimik3/sft,minikimik3,training,complete,,source-integration,integration_only,2,,legacy_whole_microbatch,36,,8,04b1091adcb41f1fdb95ad5af2ca1901c0a37f82f5c5bb9524f260910a7d227a,2ffbbcae11e4976309666b5a81d6452fce082dcc593033eeac63a3c6f44115bd,[],"[""小配置和生成 fixture 数据仅用于外部用户安装/执行验收，不作为架构优劣或模型能力证据""]"
exp-01e105a0942f,local,preview-quickstart-cpu-v1/miniqwen4/pretrain,miniqwen4,training,complete,,source-integration,integration_only,2,,legacy_whole_microbatch,224,,8,04b1091adcb41f1fdb95ad5af2ca1901c0a37f82f5c5bb9524f260910a7d227a,2ffbbcae11e4976309666b5a81d6452fce082dcc593033eeac63a3c6f44115bd,[],"[""小配置和生成 fixture 数据仅用于外部用户安装/执行验收，不作为架构优劣或模型能力证据""]"
exp-85a965552f56,local,preview-quickstart-cpu-v1/miniqwen4/sft,miniqwen4,training,complete,,source-integration,integration_only,2,,legacy_whole_microbatch,36,,8,04b1091adcb41f1fdb95ad5af2ca1901c0a37f82f5c5bb9524f260910a7d227a,2ffbbcae11e4976309666b5a81d6452fce082dcc593033eeac63a3c6f44115bd,[],"[""小配置和生成 fixture 数据仅用于外部用户安装/执行验收，不作为架构优劣或模型能力证据""]"
exp-4aa69f14ff4c,local,public-readme-check/indexer,minifrontier1,training,budget_complete_unqualified,,mf1-integration,integration_only,,64,mf1_whole_example,0,,2,4e811f528eee8a887d98a01ca8a3241db100e18b0e6ac24cc3d5e780f0e02e98,98709625a9b309859e514a0e45f934025d45fa50fbb94af5d43245a4bb150dcf,[],"[""fixture 运行不能证明正式 RL、教师资格或草稿加速"", ""台账条数包含阶段和安装用例，不等于独立科学试验数""]"
exp-7d4f88e3c65f,local,public-readme-check/p2,minifrontier1,training,budget_complete_unqualified,,mf1-integration,integration_only,,64,mf1_whole_example,27,,2,4e811f528eee8a887d98a01ca8a3241db100e18b0e6ac24cc3d5e780f0e02e98,98709625a9b309859e514a0e45f934025d45fa50fbb94af5d43245a4bb150dcf,[],"[""fixture 运行不能证明正式 RL、教师资格或草稿加速"", ""台账条数包含阶段和安装用例，不等于独立科学试验数""]"
exp-664f7e0e19e2,local,public-readme-check/pilot,minifrontier1,training,budget_complete_unqualified,,mf1-integration,integration_only,,64,mf1_whole_example,128,,8,4e811f528eee8a887d98a01ca8a3241db100e18b0e6ac24cc3d5e780f0e02e98,98709625a9b309859e514a0e45f934025d45fa50fbb94af5d43245a4bb150dcf,[],"[""fixture 运行不能证明正式 RL、教师资格或草稿加速"", ""台账条数包含阶段和安装用例，不等于独立科学试验数""]"
exp-0586f654eafa,local,public-readme-check/sft,minifrontier1,training,budget_complete_unqualified,,mf1-integration,integration_only,,64,mf1_whole_example,37,,2,4e811f528eee8a887d98a01ca8a3241db100e18b0e6ac24cc3d5e780f0e02e98,98709625a9b309859e514a0e45f934025d45fa50fbb94af5d43245a4bb150dcf,[],"[""fixture 运行不能证明正式 RL、教师资格或草稿加速"", ""台账条数包含阶段和安装用例，不等于独立科学试验数""]"
exp-1149f829610d,local,strategy-batch-controlled-v1/trials/minikimik3/grouped-mb128,minikimik3,sweep,complete,,bounded-batch-verification,verification_only,,,legacy_whole_microbatch,1045978,1000000,16,,,[],"[""新源码与旧源码结果不能混合归因"", ""短测不选择长期配方""]"
exp-8fef6c49a423,local,strategy-batch-controlled-v1/trials/minikimik3/grouped-mb128/real/mb128,minikimik3,training,complete,exp-1149f829610d,bounded-batch-verification,verification_only,128,65536,sample-bounded,1045978,1000000,16,c0884a102fd5f3dce0002c1e21a9c4acf2d5b241a56638976e4c3a04eb20e78d,2a85c8917120b6501e3fd5bd30e9f8bf8a8f08ac89e07dae522f9940bb92306b,[],"[""新源码与旧源码结果不能混合归因"", ""短测不选择长期配方""]"
exp-9e8512ddb063,local,strategy-batch-controlled-v1/trials/minikimik3/grouped-mb16,minikimik3,sweep,complete,,bounded-batch-verification,verification_only,,,legacy_whole_microbatch,1045978,1000000,16,,,[],"[""新源码与旧源码结果不能混合归因"", ""短测不选择长期配方""]"
exp-e508051955ef,local,strategy-batch-controlled-v1/trials/minikimik3/grouped-mb16/real/mb16,minikimik3,training,complete,exp-9e8512ddb063,bounded-batch-verification,verification_only,16,65536,sample-bounded,1045978,1000000,16,c0884a102fd5f3dce0002c1e21a9c4acf2d5b241a56638976e4c3a04eb20e78d,2a85c8917120b6501e3fd5bd30e9f8bf8a8f08ac89e07dae522f9940bb92306b,[],"[""新源码与旧源码结果不能混合归因"", ""短测不选择长期配方""]"
exp-43c844301dc7,local,strategy-batch-controlled-v1/trials/minikimik3/mb128,minikimik3,sweep,complete,,bounded-batch-verification,verification_only,,,legacy_whole_microbatch,1045978,1000000,16,,,[],"[""新源码与旧源码结果不能混合归因"", ""短测不选择长期配方""]"
exp-e4985ffeeddb,local,strategy-batch-controlled-v1/trials/minikimik3/mb128/real/mb128,minikimik3,training,complete,exp-43c844301dc7,bounded-batch-verification,verification_only,128,65536,sample-bounded,1045978,1000000,16,c0884a102fd5f3dce0002c1e21a9c4acf2d5b241a56638976e4c3a04eb20e78d,2a85c8917120b6501e3fd5bd30e9f8bf8a8f08ac89e07dae522f9940bb92306b,[],"[""新源码与旧源码结果不能混合归因"", ""短测不选择长期配方""]"
exp-38769bd94fea,local,strategy-batch-controlled-v1/trials/minikimik3/mb16,minikimik3,sweep,complete,,bounded-batch-verification,verification_only,,,legacy_whole_microbatch,1045978,1000000,16,,,[],"[""新源码与旧源码结果不能混合归因"", ""短测不选择长期配方""]"
exp-c54362fdd4bf,local,strategy-batch-controlled-v1/trials/minikimik3/mb16/real/mb16,minikimik3,training,complete,exp-38769bd94fea,bounded-batch-verification,verification_only,16,65536,sample-bounded,1045978,1000000,16,c0884a102fd5f3dce0002c1e21a9c4acf2d5b241a56638976e4c3a04eb20e78d,2a85c8917120b6501e3fd5bd30e9f8bf8a8f08ac89e07dae522f9940bb92306b,[],"[""新源码与旧源码结果不能混合归因"", ""短测不选择长期配方""]"
exp-7dc003e4b22d,local,strategy-batch-frontier-gpu-v1/trials/minifrontier1/bounds,minifrontier1,sweep,complete,,batch-screens,execution_evidence_only,,,mf1_whole_example,0,0,0,,,[],"[""合成固定 input 更新与真实非 padding 累积必须分开"", ""1M CE / 32 例验证只能筛异常，不能冻结训练配方"", ""主机确认不能替代同机受控对照"", ""MF1 benchmark 的 microbatch 不能自动用于 MF1 trainer""]"
exp-c4f276647c49,local,strategy-batch-frontier-gpu-v1/trials/minifrontier1/bounds/measurement,minifrontier1,synthetic,complete,exp-7dc003e4b22d,batch-screens,execution_evidence_only,,,mf1_whole_example,0,,0,,,[],"[""合成固定 input 更新与真实非 padding 累积必须分开"", ""1M CE / 32 例验证只能筛异常，不能冻结训练配方"", ""主机确认不能替代同机受控对照"", ""MF1 benchmark 的 microbatch 不能自动用于 MF1 trainer""]"
exp-ccef2312367c,local,strategy-batch-host-gpu-v1/trials/minideepseekv4,minideepseekv4,sweep,complete,,batch-screens,execution_evidence_only,,,legacy_whole_microbatch,1002551,1000000,42,,,[],"[""合成固定 input 更新与真实非 padding 累积必须分开"", ""1M CE / 32 例验证只能筛异常，不能冻结训练配方"", ""主机确认不能替代同机受控对照"", ""MF1 benchmark 的 microbatch 不能自动用于 MF1 trainer""]"
exp-378c65e01fe3,local,strategy-batch-host-gpu-v1/trials/minideepseekv4/real/mb32,minideepseekv4,training,complete,exp-ccef2312367c,batch-screens,execution_evidence_only,32,16384,legacy_whole_microbatch,1002551,1000000,42,4fd93e0b8d2e8bcebfcc8ffa71c592653d1ac91402fb3c856f6dc4ece6b33520,2a85c8917120b6501e3fd5bd30e9f8bf8a8f08ac89e07dae522f9940bb92306b,"[""deepseek_muon_lr_argument_unused"", ""whole_microbatch_global_batch_overshoot""]","[""合成固定 input 更新与真实非 padding 累积必须分开"", ""1M CE / 32 例验证只能筛异常，不能冻结训练配方"", ""主机确认不能替代同机受控对照"", ""MF1 benchmark 的 microbatch 不能自动用于 MF1 trainer""]"
exp-b61b60c1c467,local,strategy-batch-host-gpu-v1/trials/minikimik3,minikimik3,sweep,complete,,batch-screens,execution_evidence_only,,,legacy_whole_microbatch,1004508,1000000,21,,,[],"[""合成固定 input 更新与真实非 padding 累积必须分开"", ""1M CE / 32 例验证只能筛异常，不能冻结训练配方"", ""主机确认不能替代同机受控对照"", ""MF1 benchmark 的 microbatch 不能自动用于 MF1 trainer""]"
exp-4cb755d055e1,local,strategy-batch-host-gpu-v1/trials/minikimik3/real/mb128,minikimik3,training,complete,exp-b61b60c1c467,batch-screens,execution_evidence_only,128,16384,legacy_whole_microbatch,1004508,1000000,21,c0884a102fd5f3dce0002c1e21a9c4acf2d5b241a56638976e4c3a04eb20e78d,2a85c8917120b6501e3fd5bd30e9f8bf8a8f08ac89e07dae522f9940bb92306b,"[""whole_microbatch_global_batch_overshoot""]","[""合成固定 input 更新与真实非 padding 累积必须分开"", ""1M CE / 32 例验证只能筛异常，不能冻结训练配方"", ""主机确认不能替代同机受控对照"", ""MF1 benchmark 的 microbatch 不能自动用于 MF1 trainer""]"
exp-be939f34c6ac,local,strategy-batch-host-gpu-v1/trials/miniqwen4,miniqwen4,sweep,complete,,batch-screens,execution_evidence_only,,,legacy_whole_microbatch,1017954,1000000,43,,,[],"[""合成固定 input 更新与真实非 padding 累积必须分开"", ""1M CE / 32 例验证只能筛异常，不能冻结训练配方"", ""主机确认不能替代同机受控对照"", ""MF1 benchmark 的 microbatch 不能自动用于 MF1 trainer""]"
exp-426de98d745f,local,strategy-batch-host-gpu-v1/trials/miniqwen4/real/mb64,miniqwen4,training,complete,exp-be939f34c6ac,batch-screens,execution_evidence_only,64,16384,legacy_whole_microbatch,1017954,1000000,43,c66c42fd7bc99a1b46e61b47fe613228882820a6d3500a63b7ece3ab9063571d,2a85c8917120b6501e3fd5bd30e9f8bf8a8f08ac89e07dae522f9940bb92306b,"[""whole_microbatch_global_batch_overshoot""]","[""合成固定 input 更新与真实非 padding 累积必须分开"", ""1M CE / 32 例验证只能筛异常，不能冻结训练配方"", ""主机确认不能替代同机受控对照"", ""MF1 benchmark 的 microbatch 不能自动用于 MF1 trainer""]"
exp-061092a1aa5e,local,strategy-batch16-gpu-v1/minideepseekv4/seed-42,minideepseekv4,training,running,,source-batch16,finish_exploratory_no_auto_promotion,16,16384,legacy_whole_microbatch,14077190,20000000,760,4fd93e0b8d2e8bcebfcc8ffa71c592653d1ac91402fb3c856f6dc4ece6b33520,2a85c8917120b6501e3fd5bd30e9f8bf8a8f08ac89e07dae522f9940bb92306b,"[""deepseek_muon_lr_argument_unused"", ""whole_microbatch_global_batch_overshoot""]","[""实际全局 input batch 随完整 microbatch 越界；不是固定全局 batch 的纯性能对照"", ""旧 WSD 候选仅供同版本研究""]"
exp-3d02d503debf,local,strategy-batch16-gpu-v1/minikimik3/seed-42,minikimik3,training,running,,source-batch16,finish_exploratory_no_auto_promotion,16,16384,legacy_whole_microbatch,14799187,20000000,800,c0884a102fd5f3dce0002c1e21a9c4acf2d5b241a56638976e4c3a04eb20e78d,2a85c8917120b6501e3fd5bd30e9f8bf8a8f08ac89e07dae522f9940bb92306b,"[""whole_microbatch_global_batch_overshoot""]","[""实际全局 input batch 随完整 microbatch 越界；不是固定全局 batch 的纯性能对照"", ""旧 WSD 候选仅供同版本研究""]"
exp-e11371e4748a,local,strategy-batch16-gpu-v1/miniqwen4/seed-42,miniqwen4,training,running,,source-batch16,finish_exploratory_no_auto_promotion,16,16384,legacy_whole_microbatch,5351628,20000000,290,c66c42fd7bc99a1b46e61b47fe613228882820a6d3500a63b7ece3ab9063571d,2a85c8917120b6501e3fd5bd30e9f8bf8a8f08ac89e07dae522f9940bb92306b,"[""whole_microbatch_global_batch_overshoot""]","[""实际全局 input batch 随完整 microbatch 越界；不是固定全局 batch 的纯性能对照"", ""旧 WSD 候选仅供同版本研究""]"
exp-d43653b7bf95,local,strategy-diagnostics-v2/minideepseekv4,minideepseekv4,training,complete,,source-learnability,retain_diagnostic,4,,legacy_whole_microbatch,500735,500000,468,91051d741ec19bfe7ff300690d17ac147c367d192faabd352ebd7d48995e1360,2a85c8917120b6501e3fd5bd30e9f8bf8a8f08ac89e07dae522f9940bb92306b,"[""deepseek_muon_lr_argument_unused""]","[""训练题记忆不证明留出泛化"", ""重置优化器的扩展诊断是独立分支""]"
exp-6fb5b12b2b33,local,strategy-diagnostics-v2/minikimik3,minikimik3,training,complete,,source-learnability,retain_diagnostic,4,,legacy_whole_microbatch,500450,500000,576,ad6537cb00304e015fc01be27616743374532613fda3525dd1f011ef1783888f,2a85c8917120b6501e3fd5bd30e9f8bf8a8f08ac89e07dae522f9940bb92306b,[],"[""训练题记忆不证明留出泛化"", ""重置优化器的扩展诊断是独立分支""]"
exp-cf3359c251c3,local,strategy-diagnostics-v2/miniqwen4,miniqwen4,training,complete,,source-learnability,retain_diagnostic,4,,legacy_whole_microbatch,500450,500000,576,2a0f0da8bd8df4c19f79c4a9ed8a6d4a666562c96dc759b3a5934bbfbd61f7b8,2a85c8917120b6501e3fd5bd30e9f8bf8a8f08ac89e07dae522f9940bb92306b,[],"[""训练题记忆不证明留出泛化"", ""重置优化器的扩展诊断是独立分支""]"
exp-61ba1f03b8e2,local,strategy-diagnostics-v2/miniqwen4-extension-1m,miniqwen4,training,complete,,source-learnability,retain_diagnostic,16,,legacy_whole_microbatch,500450,500000,576,2a0f0da8bd8df4c19f79c4a9ed8a6d4a666562c96dc759b3a5934bbfbd61f7b8,2a85c8917120b6501e3fd5bd30e9f8bf8a8f08ac89e07dae522f9940bb92306b,[],"[""训练题记忆不证明留出泛化"", ""重置优化器的扩展诊断是独立分支""]"
exp-822bc0ffeae0,local,strategy-recipe-pilots-v2/minideepseekv4/adamw-20m,minideepseekv4,training,complete,,source-recipe-v2,retain_conditional_evidence,1,16384,legacy_whole_microbatch,20013084,20000000,1195,4fd93e0b8d2e8bcebfcc8ffa71c592653d1ac91402fb3c856f6dc4ece6b33520,2a85c8917120b6501e3fd5bd30e9f8bf8a8f08ac89e07dae522f9940bb92306b,[],"[""WSD/400K warmup 是本地共同对照，不能称为 Kimi 官方配方"", ""单种子和单因素结果不能直接合并为最优配方"", ""共卡与独占吞吐不可直接比较"", ""主动停止的 Qwen MTP 0.2 未完成预算""]"
exp-bb1034870c46,local,strategy-recipe-pilots-v2/minideepseekv4/muon-20m,minideepseekv4,training,complete,,source-recipe-v2,retain_conditional_evidence,1,16384,legacy_whole_microbatch,20013084,20000000,1195,4fd93e0b8d2e8bcebfcc8ffa71c592653d1ac91402fb3c856f6dc4ece6b33520,2a85c8917120b6501e3fd5bd30e9f8bf8a8f08ac89e07dae522f9940bb92306b,"[""deepseek_muon_lr_argument_unused""]","[""WSD/400K warmup 是本地共同对照，不能称为 Kimi 官方配方"", ""单种子和单因素结果不能直接合并为最优配方"", ""共卡与独占吞吐不可直接比较"", ""主动停止的 Qwen MTP 0.2 未完成预算""]"
exp-34a6518bc034,local,strategy-recipe-pilots-v2/minikimik3/adamw-20m,minikimik3,training,complete,,source-recipe-v2,retain_conditional_evidence,1,16384,legacy_whole_microbatch,20010912,20000000,1199,c0884a102fd5f3dce0002c1e21a9c4acf2d5b241a56638976e4c3a04eb20e78d,2a85c8917120b6501e3fd5bd30e9f8bf8a8f08ac89e07dae522f9940bb92306b,[],"[""WSD/400K warmup 是本地共同对照，不能称为 Kimi 官方配方"", ""单种子和单因素结果不能直接合并为最优配方"", ""共卡与独占吞吐不可直接比较"", ""主动停止的 Qwen MTP 0.2 未完成预算""]"
exp-e8f2aad8f945,local,strategy-recipe-pilots-v2/minikimik3/muon-20m,minikimik3,training,complete,,source-recipe-v2,retain_conditional_evidence,1,16384,legacy_whole_microbatch,20010912,20000000,1199,c0884a102fd5f3dce0002c1e21a9c4acf2d5b241a56638976e4c3a04eb20e78d,2a85c8917120b6501e3fd5bd30e9f8bf8a8f08ac89e07dae522f9940bb92306b,[],"[""WSD/400K warmup 是本地共同对照，不能称为 Kimi 官方配方"", ""单种子和单因素结果不能直接合并为最优配方"", ""共卡与独占吞吐不可直接比较"", ""主动停止的 Qwen MTP 0.2 未完成预算""]"
exp-d7556437de68,local,strategy-recipe-pilots-v2/miniqwen4-after-q0-extension/adamw-20m,miniqwen4,training,complete,,source-recipe-v2,retain_conditional_evidence,1,16384,legacy_whole_microbatch,20012550,20000000,1198,c66c42fd7bc99a1b46e61b47fe613228882820a6d3500a63b7ece3ab9063571d,2a85c8917120b6501e3fd5bd30e9f8bf8a8f08ac89e07dae522f9940bb92306b,[],"[""WSD/400K warmup 是本地共同对照，不能称为 Kimi 官方配方"", ""单种子和单因素结果不能直接合并为最优配方"", ""共卡与独占吞吐不可直接比较"", ""主动停止的 Qwen MTP 0.2 未完成预算""]"
exp-6a09c71b7275,local,strategy-recipe-pilots-v2/miniqwen4-after-q0-extension/muon-20m,miniqwen4,training,complete,,source-recipe-v2,retain_conditional_evidence,1,16384,legacy_whole_microbatch,20012550,20000000,1198,c66c42fd7bc99a1b46e61b47fe613228882820a6d3500a63b7ece3ab9063571d,2a85c8917120b6501e3fd5bd30e9f8bf8a8f08ac89e07dae522f9940bb92306b,[],"[""WSD/400K warmup 是本地共同对照，不能称为 Kimi 官方配方"", ""单种子和单因素结果不能直接合并为最优配方"", ""共卡与独占吞吐不可直接比较"", ""主动停止的 Qwen MTP 0.2 未完成预算""]"
exp-b4326e164d9d,local,strategy-shared-gpu-v2/minideepseekv4/mtp-0,minideepseekv4,training,complete,,source-recipe-v2,retain_conditional_evidence,2,16384,legacy_whole_microbatch,20013084,20000000,1195,4fd93e0b8d2e8bcebfcc8ffa71c592653d1ac91402fb3c856f6dc4ece6b33520,2a85c8917120b6501e3fd5bd30e9f8bf8a8f08ac89e07dae522f9940bb92306b,"[""deepseek_muon_lr_argument_unused"", ""whole_microbatch_global_batch_overshoot""]","[""WSD/400K warmup 是本地共同对照，不能称为 Kimi 官方配方"", ""单种子和单因素结果不能直接合并为最优配方"", ""共卡与独占吞吐不可直接比较"", ""主动停止的 Qwen MTP 0.2 未完成预算""]"
exp-215a61142a4a,local,strategy-shared-gpu-v2/minideepseekv4/mtp-0.1,minideepseekv4,training,complete,,source-recipe-v2,retain_conditional_evidence,2,16384,legacy_whole_microbatch,20013084,20000000,1195,4fd93e0b8d2e8bcebfcc8ffa71c592653d1ac91402fb3c856f6dc4ece6b33520,2a85c8917120b6501e3fd5bd30e9f8bf8a8f08ac89e07dae522f9940bb92306b,"[""deepseek_muon_lr_argument_unused"", ""whole_microbatch_global_batch_overshoot""]","[""WSD/400K warmup 是本地共同对照，不能称为 Kimi 官方配方"", ""单种子和单因素结果不能直接合并为最优配方"", ""共卡与独占吞吐不可直接比较"", ""主动停止的 Qwen MTP 0.2 未完成预算""]"
exp-5ceb7e5c50d3,local,strategy-shared-gpu-v2/minikimik3/mtp-0,minikimik3,training,complete,,source-recipe-v2,retain_conditional_evidence,2,16384,legacy_whole_microbatch,20010912,20000000,1199,c0884a102fd5f3dce0002c1e21a9c4acf2d5b241a56638976e4c3a04eb20e78d,2a85c8917120b6501e3fd5bd30e9f8bf8a8f08ac89e07dae522f9940bb92306b,"[""whole_microbatch_global_batch_overshoot""]","[""WSD/400K warmup 是本地共同对照，不能称为 Kimi 官方配方"", ""单种子和单因素结果不能直接合并为最优配方"", ""共卡与独占吞吐不可直接比较"", ""主动停止的 Qwen MTP 0.2 未完成预算""]"
exp-501efe323c61,local,strategy-shared-gpu-v2/minikimik3/mtp-0.2,minikimik3,training,complete,,source-recipe-v2,retain_conditional_evidence,2,16384,legacy_whole_microbatch,20010912,20000000,1199,c0884a102fd5f3dce0002c1e21a9c4acf2d5b241a56638976e4c3a04eb20e78d,2a85c8917120b6501e3fd5bd30e9f8bf8a8f08ac89e07dae522f9940bb92306b,"[""whole_microbatch_global_batch_overshoot""]","[""WSD/400K warmup 是本地共同对照，不能称为 Kimi 官方配方"", ""单种子和单因素结果不能直接合并为最优配方"", ""共卡与独占吞吐不可直接比较"", ""主动停止的 Qwen MTP 0.2 未完成预算""]"
exp-a7e7aaddabe9,local,strategy-shared-gpu-v2/miniqwen4/mtp-0,miniqwen4,training,complete,,source-recipe-v2,retain_conditional_evidence,2,16384,legacy_whole_microbatch,20012550,20000000,1198,c66c42fd7bc99a1b46e61b47fe613228882820a6d3500a63b7ece3ab9063571d,2a85c8917120b6501e3fd5bd30e9f8bf8a8f08ac89e07dae522f9940bb92306b,"[""whole_microbatch_global_batch_overshoot""]","[""WSD/400K warmup 是本地共同对照，不能称为 Kimi 官方配方"", ""单种子和单因素结果不能直接合并为最优配方"", ""共卡与独占吞吐不可直接比较"", ""主动停止的 Qwen MTP 0.2 未完成预算""]"
exp-0f74ff05563f,local,strategy-shared-gpu-v2/miniqwen4/mtp-0.2,miniqwen4,training,stopped_by_user,,source-recipe-v2,retain_conditional_evidence,2,16384,legacy_whole_microbatch,19380232,20000000,1160,c66c42fd7bc99a1b46e61b47fe613228882820a6d3500a63b7ece3ab9063571d,2a85c8917120b6501e3fd5bd30e9f8bf8a8f08ac89e07dae522f9940bb92306b,"[""whole_microbatch_global_batch_overshoot""]","[""WSD/400K warmup 是本地共同对照，不能称为 Kimi 官方配方"", ""单种子和单因素结果不能直接合并为最优配方"", ""共卡与独占吞吐不可直接比较"", ""主动停止的 Qwen MTP 0.2 未完成预算""]"
exp-295cbb355e85,local,strategy-single-gpu-v2/minideepseekv4/lower-lr,minideepseekv4,training,complete,,source-recipe-v2,retain_conditional_evidence,2,16384,legacy_whole_microbatch,20013084,20000000,1195,4fd93e0b8d2e8bcebfcc8ffa71c592653d1ac91402fb3c856f6dc4ece6b33520,2a85c8917120b6501e3fd5bd30e9f8bf8a8f08ac89e07dae522f9940bb92306b,"[""deepseek_muon_lr_argument_unused"", ""whole_microbatch_global_batch_overshoot""]","[""WSD/400K warmup 是本地共同对照，不能称为 Kimi 官方配方"", ""单种子和单因素结果不能直接合并为最优配方"", ""共卡与独占吞吐不可直接比较"", ""主动停止的 Qwen MTP 0.2 未完成预算""]"
exp-d907dd1d9d6c,local,strategy-single-gpu-v2/minideepseekv4/reference,minideepseekv4,training,complete,,source-recipe-v2,retain_conditional_evidence,2,16384,legacy_whole_microbatch,20013084,20000000,1195,4fd93e0b8d2e8bcebfcc8ffa71c592653d1ac91402fb3c856f6dc4ece6b33520,2a85c8917120b6501e3fd5bd30e9f8bf8a8f08ac89e07dae522f9940bb92306b,"[""deepseek_muon_lr_argument_unused"", ""whole_microbatch_global_batch_overshoot""]","[""WSD/400K warmup 是本地共同对照，不能称为 Kimi 官方配方"", ""单种子和单因素结果不能直接合并为最优配方"", ""共卡与独占吞吐不可直接比较"", ""主动停止的 Qwen MTP 0.2 未完成预算""]"
exp-2b7e958ba177,local,strategy-single-gpu-v2/minikimik3/lower-lr,minikimik3,training,complete,,source-recipe-v2,retain_conditional_evidence,2,16384,legacy_whole_microbatch,20010912,20000000,1199,c0884a102fd5f3dce0002c1e21a9c4acf2d5b241a56638976e4c3a04eb20e78d,2a85c8917120b6501e3fd5bd30e9f8bf8a8f08ac89e07dae522f9940bb92306b,"[""whole_microbatch_global_batch_overshoot""]","[""WSD/400K warmup 是本地共同对照，不能称为 Kimi 官方配方"", ""单种子和单因素结果不能直接合并为最优配方"", ""共卡与独占吞吐不可直接比较"", ""主动停止的 Qwen MTP 0.2 未完成预算""]"
exp-31d0ecb6d042,local,strategy-single-gpu-v2/minikimik3/reference,minikimik3,training,complete,,source-recipe-v2,retain_conditional_evidence,2,16384,legacy_whole_microbatch,20010912,20000000,1199,c0884a102fd5f3dce0002c1e21a9c4acf2d5b241a56638976e4c3a04eb20e78d,2a85c8917120b6501e3fd5bd30e9f8bf8a8f08ac89e07dae522f9940bb92306b,"[""whole_microbatch_global_batch_overshoot""]","[""WSD/400K warmup 是本地共同对照，不能称为 Kimi 官方配方"", ""单种子和单因素结果不能直接合并为最优配方"", ""共卡与独占吞吐不可直接比较"", ""主动停止的 Qwen MTP 0.2 未完成预算""]"
exp-0b59ab8bc555,remote-239,mf1-performance-remote-v1/steady-512,minifrontier1,synthetic,running,,mf1-performance,finish_bounded_measurements,,,mf1_whole_example,0,0,0,,,[],"[""512 短序列吞吐不能外推 8K native 多模态"", ""MB 8/16 仍约 68 CE/s，批量大小未解决 reference 调度瓶颈"", ""性能通过不等于正确性或能力通过""]"
exp-8a6fe40208b4,remote-239,strategy-batch-frontier-gpu-v1/trials/minideepseekv4/real32,minideepseekv4,sweep,complete,,batch-screens,execution_evidence_only,,,legacy_whole_microbatch,1002551,1000000,42,,,[],"[""合成固定 input 更新与真实非 padding 累积必须分开"", ""1M CE / 32 例验证只能筛异常，不能冻结训练配方"", ""主机确认不能替代同机受控对照"", ""MF1 benchmark 的 microbatch 不能自动用于 MF1 trainer""]"
exp-cb3460322d07,remote-239,strategy-batch-frontier-gpu-v1/trials/minideepseekv4/real32/real/mb32,minideepseekv4,training,complete,exp-8a6fe40208b4,batch-screens,execution_evidence_only,32,16384,legacy_whole_microbatch,1002551,1000000,42,4fd93e0b8d2e8bcebfcc8ffa71c592653d1ac91402fb3c856f6dc4ece6b33520,2a85c8917120b6501e3fd5bd30e9f8bf8a8f08ac89e07dae522f9940bb92306b,"[""deepseek_muon_lr_argument_unused"", ""whole_microbatch_global_batch_overshoot""]","[""合成固定 input 更新与真实非 padding 累积必须分开"", ""1M CE / 32 例验证只能筛异常，不能冻结训练配方"", ""主机确认不能替代同机受控对照"", ""MF1 benchmark 的 microbatch 不能自动用于 MF1 trainer""]"
exp-18b0d2c2dd48,remote-239,strategy-batch-frontier-gpu-v1/trials/minideepseekv4/sweep,minideepseekv4,sweep,complete,,batch-screens,execution_evidence_only,,,legacy_whole_microbatch,1002551,1000000,54,,,[],"[""合成固定 input 更新与真实非 padding 累积必须分开"", ""1M CE / 32 例验证只能筛异常，不能冻结训练配方"", ""主机确认不能替代同机受控对照"", ""MF1 benchmark 的 microbatch 不能自动用于 MF1 trainer""]"
exp-d503960eafde,remote-239,strategy-batch-frontier-gpu-v1/trials/minideepseekv4/sweep/real/mb16,minideepseekv4,training,complete,exp-18b0d2c2dd48,batch-screens,execution_evidence_only,16,16384,legacy_whole_microbatch,1002551,1000000,54,4fd93e0b8d2e8bcebfcc8ffa71c592653d1ac91402fb3c856f6dc4ece6b33520,2a85c8917120b6501e3fd5bd30e9f8bf8a8f08ac89e07dae522f9940bb92306b,"[""deepseek_muon_lr_argument_unused"", ""whole_microbatch_global_batch_overshoot""]","[""合成固定 input 更新与真实非 padding 累积必须分开"", ""1M CE / 32 例验证只能筛异常，不能冻结训练配方"", ""主机确认不能替代同机受控对照"", ""MF1 benchmark 的 microbatch 不能自动用于 MF1 trainer""]"
exp-b9ccd67acd87,remote-239,strategy-batch-frontier-gpu-v1/trials/minideepseekv4/sweep/synthetic/mb16,minideepseekv4,synthetic,complete,exp-18b0d2c2dd48,batch-screens,execution_evidence_only,,,legacy_whole_microbatch,0,,0,,,[],"[""合成固定 input 更新与真实非 padding 累积必须分开"", ""1M CE / 32 例验证只能筛异常，不能冻结训练配方"", ""主机确认不能替代同机受控对照"", ""MF1 benchmark 的 microbatch 不能自动用于 MF1 trainer""]"
exp-ca509b390643,remote-239,strategy-batch-frontier-gpu-v1/trials/minideepseekv4/sweep/synthetic/mb32,minideepseekv4,synthetic,complete,exp-18b0d2c2dd48,batch-screens,execution_evidence_only,,,legacy_whole_microbatch,0,,0,,,[],"[""合成固定 input 更新与真实非 padding 累积必须分开"", ""1M CE / 32 例验证只能筛异常，不能冻结训练配方"", ""主机确认不能替代同机受控对照"", ""MF1 benchmark 的 microbatch 不能自动用于 MF1 trainer""]"
exp-a2f3abe689ce,remote-239,strategy-batch-frontier-gpu-v1/trials/minideepseekv4/sweep/synthetic/mb64,minideepseekv4,synthetic,complete,exp-18b0d2c2dd48,batch-screens,execution_evidence_only,,,legacy_whole_microbatch,0,,0,,,[],"[""合成固定 input 更新与真实非 padding 累积必须分开"", ""1M CE / 32 例验证只能筛异常，不能冻结训练配方"", ""主机确认不能替代同机受控对照"", ""MF1 benchmark 的 microbatch 不能自动用于 MF1 trainer""]"
exp-f11788667472,remote-239,strategy-batch-frontier-gpu-v1/trials/minikimik3/real32,minikimik3,sweep,complete,,batch-screens,execution_evidence_only,,,legacy_whole_microbatch,1004508,1000000,42,,,[],"[""合成固定 input 更新与真实非 padding 累积必须分开"", ""1M CE / 32 例验证只能筛异常，不能冻结训练配方"", ""主机确认不能替代同机受控对照"", ""MF1 benchmark 的 microbatch 不能自动用于 MF1 trainer""]"
exp-b9498b699cf2,remote-239,strategy-batch-frontier-gpu-v1/trials/minikimik3/real32/real/mb32,minikimik3,training,complete,exp-f11788667472,batch-screens,execution_evidence_only,32,16384,legacy_whole_microbatch,1004508,1000000,42,4a3519e2a64efbee3b49b85b731be2bd2aac560f30151e80b36ea837e1b59da7,2a85c8917120b6501e3fd5bd30e9f8bf8a8f08ac89e07dae522f9940bb92306b,"[""whole_microbatch_global_batch_overshoot""]","[""合成固定 input 更新与真实非 padding 累积必须分开"", ""1M CE / 32 例验证只能筛异常，不能冻结训练配方"", ""主机确认不能替代同机受控对照"", ""MF1 benchmark 的 microbatch 不能自动用于 MF1 trainer""]"
exp-246fc207d1c0,remote-239,strategy-batch-frontier-gpu-v1/trials/minikimik3/sweep,minikimik3,sweep,complete,,batch-screens,execution_evidence_only,,,legacy_whole_microbatch,2016600,2000000,75,,,[],"[""合成固定 input 更新与真实非 padding 累积必须分开"", ""1M CE / 32 例验证只能筛异常，不能冻结训练配方"", ""主机确认不能替代同机受控对照"", ""MF1 benchmark 的 microbatch 不能自动用于 MF1 trainer""]"
exp-69bfef69d289,remote-239,strategy-batch-frontier-gpu-v1/trials/minikimik3/sweep/real/mb128,minikimik3,training,complete,exp-246fc207d1c0,batch-screens,execution_evidence_only,128,16384,legacy_whole_microbatch,1004508,1000000,21,4a3519e2a64efbee3b49b85b731be2bd2aac560f30151e80b36ea837e1b59da7,2a85c8917120b6501e3fd5bd30e9f8bf8a8f08ac89e07dae522f9940bb92306b,"[""whole_microbatch_global_batch_overshoot""]","[""合成固定 input 更新与真实非 padding 累积必须分开"", ""1M CE / 32 例验证只能筛异常，不能冻结训练配方"", ""主机确认不能替代同机受控对照"", ""MF1 benchmark 的 microbatch 不能自动用于 MF1 trainer""]"
exp-b281e3b855b0,remote-239,strategy-batch-frontier-gpu-v1/trials/minikimik3/sweep/real/mb16,minikimik3,training,complete,exp-246fc207d1c0,batch-screens,execution_evidence_only,16,16384,legacy_whole_microbatch,1012092,1000000,54,4a3519e2a64efbee3b49b85b731be2bd2aac560f30151e80b36ea837e1b59da7,2a85c8917120b6501e3fd5bd30e9f8bf8a8f08ac89e07dae522f9940bb92306b,"[""whole_microbatch_global_batch_overshoot""]","[""合成固定 input 更新与真实非 padding 累积必须分开"", ""1M CE / 32 例验证只能筛异常，不能冻结训练配方"", ""主机确认不能替代同机受控对照"", ""MF1 benchmark 的 microbatch 不能自动用于 MF1 trainer""]"
exp-0012d1d7f0cf,remote-239,strategy-batch-frontier-gpu-v1/trials/minikimik3/sweep/synthetic/mb128,minikimik3,synthetic,complete,exp-246fc207d1c0,batch-screens,execution_evidence_only,,,legacy_whole_microbatch,0,,0,,,[],"[""合成固定 input 更新与真实非 padding 累积必须分开"", ""1M CE / 32 例验证只能筛异常，不能冻结训练配方"", ""主机确认不能替代同机受控对照"", ""MF1 benchmark 的 microbatch 不能自动用于 MF1 trainer""]"
exp-76304536542d,remote-239,strategy-batch-frontier-gpu-v1/trials/minikimik3/sweep/synthetic/mb16,minikimik3,synthetic,complete,exp-246fc207d1c0,batch-screens,execution_evidence_only,,,legacy_whole_microbatch,0,,0,,,[],"[""合成固定 input 更新与真实非 padding 累积必须分开"", ""1M CE / 32 例验证只能筛异常，不能冻结训练配方"", ""主机确认不能替代同机受控对照"", ""MF1 benchmark 的 microbatch 不能自动用于 MF1 trainer""]"
exp-4cc08e3139b1,remote-239,strategy-batch-frontier-gpu-v1/trials/minikimik3/sweep/synthetic/mb32,minikimik3,synthetic,complete,exp-246fc207d1c0,batch-screens,execution_evidence_only,,,legacy_whole_microbatch,0,,0,,,[],"[""合成固定 input 更新与真实非 padding 累积必须分开"", ""1M CE / 32 例验证只能筛异常，不能冻结训练配方"", ""主机确认不能替代同机受控对照"", ""MF1 benchmark 的 microbatch 不能自动用于 MF1 trainer""]"
exp-10054ab9d363,remote-239,strategy-batch-frontier-gpu-v1/trials/minikimik3/sweep/synthetic/mb64,minikimik3,synthetic,complete,exp-246fc207d1c0,batch-screens,execution_evidence_only,,,legacy_whole_microbatch,0,,0,,,[],"[""合成固定 input 更新与真实非 padding 累积必须分开"", ""1M CE / 32 例验证只能筛异常，不能冻结训练配方"", ""主机确认不能替代同机受控对照"", ""MF1 benchmark 的 microbatch 不能自动用于 MF1 trainer""]"
exp-4514d137352a,remote-239,strategy-batch-frontier-gpu-v1/trials/miniqwen4/real32,miniqwen4,sweep,complete,,batch-screens,execution_evidence_only,,,legacy_whole_microbatch,1017954,1000000,43,,,[],"[""合成固定 input 更新与真实非 padding 累积必须分开"", ""1M CE / 32 例验证只能筛异常，不能冻结训练配方"", ""主机确认不能替代同机受控对照"", ""MF1 benchmark 的 microbatch 不能自动用于 MF1 trainer""]"
exp-7e920cf63791,remote-239,strategy-batch-frontier-gpu-v1/trials/miniqwen4/real32/real/mb32,miniqwen4,training,complete,exp-4514d137352a,batch-screens,execution_evidence_only,32,16384,legacy_whole_microbatch,1017954,1000000,43,f781d3210e394193a9098d1cd6829c8412ab0a2faabaaeb60f8bf5bdec49ac8b,2a85c8917120b6501e3fd5bd30e9f8bf8a8f08ac89e07dae522f9940bb92306b,"[""whole_microbatch_global_batch_overshoot""]","[""合成固定 input 更新与真实非 padding 累积必须分开"", ""1M CE / 32 例验证只能筛异常，不能冻结训练配方"", ""主机确认不能替代同机受控对照"", ""MF1 benchmark 的 microbatch 不能自动用于 MF1 trainer""]"
exp-1783c0061e4a,remote-239,strategy-batch-frontier-gpu-v1/trials/miniqwen4/sweep,miniqwen4,sweep,complete,,batch-screens,execution_evidence_only,,,legacy_whole_microbatch,2035908,2000000,99,,,[],"[""合成固定 input 更新与真实非 padding 累积必须分开"", ""1M CE / 32 例验证只能筛异常，不能冻结训练配方"", ""主机确认不能替代同机受控对照"", ""MF1 benchmark 的 microbatch 不能自动用于 MF1 trainer""]"
exp-ced8fed884d7,remote-239,strategy-batch-frontier-gpu-v1/trials/miniqwen4/sweep/real/mb16,miniqwen4,training,complete,exp-1783c0061e4a,batch-screens,execution_evidence_only,16,16384,legacy_whole_microbatch,1017954,1000000,56,f781d3210e394193a9098d1cd6829c8412ab0a2faabaaeb60f8bf5bdec49ac8b,2a85c8917120b6501e3fd5bd30e9f8bf8a8f08ac89e07dae522f9940bb92306b,"[""whole_microbatch_global_batch_overshoot""]","[""合成固定 input 更新与真实非 padding 累积必须分开"", ""1M CE / 32 例验证只能筛异常，不能冻结训练配方"", ""主机确认不能替代同机受控对照"", ""MF1 benchmark 的 microbatch 不能自动用于 MF1 trainer""]"
exp-4761c0c5fd1e,remote-239,strategy-batch-frontier-gpu-v1/trials/miniqwen4/sweep/real/mb64,miniqwen4,training,complete,exp-1783c0061e4a,batch-screens,execution_evidence_only,64,16384,legacy_whole_microbatch,1017954,1000000,43,f781d3210e394193a9098d1cd6829c8412ab0a2faabaaeb60f8bf5bdec49ac8b,2a85c8917120b6501e3fd5bd30e9f8bf8a8f08ac89e07dae522f9940bb92306b,"[""whole_microbatch_global_batch_overshoot""]","[""合成固定 input 更新与真实非 padding 累积必须分开"", ""1M CE / 32 例验证只能筛异常，不能冻结训练配方"", ""主机确认不能替代同机受控对照"", ""MF1 benchmark 的 microbatch 不能自动用于 MF1 trainer""]"
exp-974b11a8bc01,remote-239,strategy-batch-frontier-gpu-v1/trials/miniqwen4/sweep/synthetic/mb128,miniqwen4,synthetic,complete,exp-1783c0061e4a,batch-screens,execution_evidence_only,,,legacy_whole_microbatch,0,,0,,,[],"[""合成固定 input 更新与真实非 padding 累积必须分开"", ""1M CE / 32 例验证只能筛异常，不能冻结训练配方"", ""主机确认不能替代同机受控对照"", ""MF1 benchmark 的 microbatch 不能自动用于 MF1 trainer""]"
exp-7da63569506d,remote-239,strategy-batch-frontier-gpu-v1/trials/miniqwen4/sweep/synthetic/mb16,miniqwen4,synthetic,complete,exp-1783c0061e4a,batch-screens,execution_evidence_only,,,legacy_whole_microbatch,0,,0,,,[],"[""合成固定 input 更新与真实非 padding 累积必须分开"", ""1M CE / 32 例验证只能筛异常，不能冻结训练配方"", ""主机确认不能替代同机受控对照"", ""MF1 benchmark 的 microbatch 不能自动用于 MF1 trainer""]"
exp-e43331cc8259,remote-239,strategy-batch-frontier-gpu-v1/trials/miniqwen4/sweep/synthetic/mb32,miniqwen4,synthetic,complete,exp-1783c0061e4a,batch-screens,execution_evidence_only,,,legacy_whole_microbatch,0,,0,,,[],"[""合成固定 input 更新与真实非 padding 累积必须分开"", ""1M CE / 32 例验证只能筛异常，不能冻结训练配方"", ""主机确认不能替代同机受控对照"", ""MF1 benchmark 的 microbatch 不能自动用于 MF1 trainer""]"
exp-c100e87e12e2,remote-239,strategy-batch-frontier-gpu-v1/trials/miniqwen4/sweep/synthetic/mb64,miniqwen4,synthetic,complete,exp-1783c0061e4a,batch-screens,execution_evidence_only,,,legacy_whole_microbatch,0,,0,,,[],"[""合成固定 input 更新与真实非 padding 累积必须分开"", ""1M CE / 32 例验证只能筛异常，不能冻结训练配方"", ""主机确认不能替代同机受控对照"", ""MF1 benchmark 的 microbatch 不能自动用于 MF1 trainer""]"
exp-575413daeeb7,remote-239,strategy-batch-selected-gpu-v1/trials/minideepseekv4/seed-43,minideepseekv4,sweep,running,,speed-selected-long,dispatch_paused_existing_runs_exploratory,,,legacy_whole_microbatch,11263697,20000000,470,,,[],"[""取消只按最快吞吐选择长期训练配方的规则"", ""Kimi 128 实际约 48K input/update，不是 16K"", ""已有 Kimi/DeepSeek 运行只保留为固定大 batch 观察，待派发 Qwen 不继续自动启动""]"
exp-a13abce0e5dd,remote-239,strategy-batch-selected-gpu-v1/trials/minideepseekv4/seed-43/real/mb32,minideepseekv4,training,running,exp-575413daeeb7,speed-selected-long,dispatch_paused_existing_runs_exploratory,32,16384,legacy_whole_microbatch,11263697,20000000,470,4fd93e0b8d2e8bcebfcc8ffa71c592653d1ac91402fb3c856f6dc4ece6b33520,2a85c8917120b6501e3fd5bd30e9f8bf8a8f08ac89e07dae522f9940bb92306b,"[""deepseek_muon_lr_argument_unused"", ""whole_microbatch_global_batch_overshoot""]","[""取消只按最快吞吐选择长期训练配方的规则"", ""Kimi 128 实际约 48K input/update，不是 16K"", ""已有 Kimi/DeepSeek 运行只保留为固定大 batch 观察，待派发 Qwen 不继续自动启动""]"
exp-5f5630531a64,remote-239,strategy-batch-selected-gpu-v1/trials/minideepseekv4/seed-44,minideepseekv4,sweep,running,,speed-selected-long,dispatch_paused_existing_runs_exploratory,,,legacy_whole_microbatch,12435162,20000000,520,,,[],"[""取消只按最快吞吐选择长期训练配方的规则"", ""Kimi 128 实际约 48K input/update，不是 16K"", ""已有 Kimi/DeepSeek 运行只保留为固定大 batch 观察，待派发 Qwen 不继续自动启动""]"
exp-daa30f3ea58c,remote-239,strategy-batch-selected-gpu-v1/trials/minideepseekv4/seed-44/real/mb32,minideepseekv4,training,running,exp-5f5630531a64,speed-selected-long,dispatch_paused_existing_runs_exploratory,32,16384,legacy_whole_microbatch,12435162,20000000,520,4fd93e0b8d2e8bcebfcc8ffa71c592653d1ac91402fb3c856f6dc4ece6b33520,2a85c8917120b6501e3fd5bd30e9f8bf8a8f08ac89e07dae522f9940bb92306b,"[""deepseek_muon_lr_argument_unused"", ""whole_microbatch_global_batch_overshoot""]","[""取消只按最快吞吐选择长期训练配方的规则"", ""Kimi 128 实际约 48K input/update，不是 16K"", ""已有 Kimi/DeepSeek 运行只保留为固定大 batch 观察，待派发 Qwen 不继续自动启动""]"
exp-577779348425,remote-239,strategy-batch-selected-gpu-v1/trials/minikimik3/seed-43,minikimik3,sweep,running,,speed-selected-long,dispatch_paused_existing_runs_exploratory,,,legacy_whole_microbatch,19203263,20000000,400,,,[],"[""取消只按最快吞吐选择长期训练配方的规则"", ""Kimi 128 实际约 48K input/update，不是 16K"", ""已有 Kimi/DeepSeek 运行只保留为固定大 batch 观察，待派发 Qwen 不继续自动启动""]"
exp-8712b5352c72,remote-239,strategy-batch-selected-gpu-v1/trials/minikimik3/seed-43/real/mb128,minikimik3,training,running,exp-577779348425,speed-selected-long,dispatch_paused_existing_runs_exploratory,128,16384,legacy_whole_microbatch,19203263,20000000,400,4a3519e2a64efbee3b49b85b731be2bd2aac560f30151e80b36ea837e1b59da7,2a85c8917120b6501e3fd5bd30e9f8bf8a8f08ac89e07dae522f9940bb92306b,"[""whole_microbatch_global_batch_overshoot""]","[""取消只按最快吞吐选择长期训练配方的规则"", ""Kimi 128 实际约 48K input/update，不是 16K"", ""已有 Kimi/DeepSeek 运行只保留为固定大 batch 观察，待派发 Qwen 不继续自动启动""]"
exp-77c1a8bbc62c,remote-239,strategy-batch-selected-gpu-v1/trials/minikimik3/seed-44,minikimik3,sweep,running,,speed-selected-long,dispatch_paused_existing_runs_exploratory,,,legacy_whole_microbatch,19166447,20000000,400,,,[],"[""取消只按最快吞吐选择长期训练配方的规则"", ""Kimi 128 实际约 48K input/update，不是 16K"", ""已有 Kimi/DeepSeek 运行只保留为固定大 batch 观察，待派发 Qwen 不继续自动启动""]"
exp-348083f55518,remote-239,strategy-batch-selected-gpu-v1/trials/minikimik3/seed-44/real/mb128,minikimik3,training,running,exp-77c1a8bbc62c,speed-selected-long,dispatch_paused_existing_runs_exploratory,128,16384,legacy_whole_microbatch,19166447,20000000,400,4a3519e2a64efbee3b49b85b731be2bd2aac560f30151e80b36ea837e1b59da7,2a85c8917120b6501e3fd5bd30e9f8bf8a8f08ac89e07dae522f9940bb92306b,"[""whole_microbatch_global_batch_overshoot""]","[""取消只按最快吞吐选择长期训练配方的规则"", ""Kimi 128 实际约 48K input/update，不是 16K"", ""已有 Kimi/DeepSeek 运行只保留为固定大 batch 观察，待派发 Qwen 不继续自动启动""]"
exp-9dc42858bd7e,remote-239,strategy-batch-selected-gpu-v1/trials/miniqwen4/lower-lr,miniqwen4,training,paused_for_review,,speed-selected-long,dispatch_paused_existing_runs_exploratory,,,legacy_whole_microbatch,0,20000000,0,,,"[""missing_data_sha256"", ""missing_tokenizer_sha256""]","[""取消只按最快吞吐选择长期训练配方的规则"", ""Kimi 128 实际约 48K input/update，不是 16K"", ""已有 Kimi/DeepSeek 运行只保留为固定大 batch 观察，待派发 Qwen 不继续自动启动""]"
exp-b6933dd45ac6,remote-239,strategy-batch-selected-gpu-v1/trials/miniqwen4/reference,miniqwen4,training,paused_for_review,,speed-selected-long,dispatch_paused_existing_runs_exploratory,,,legacy_whole_microbatch,0,20000000,0,,,"[""missing_data_sha256"", ""missing_tokenizer_sha256""]","[""取消只按最快吞吐选择长期训练配方的规则"", ""Kimi 128 实际约 48K input/update，不是 16K"", ""已有 Kimi/DeepSeek 运行只保留为固定大 batch 观察，待派发 Qwen 不继续自动启动""]"
exp-31c27d9e5cb5,remote-239,strategy-seed-gpu-v1/minideepseekv4/seed-43,minideepseekv4,training,stopped_by_user,,source-seed-stopped,superseded,2,16384,legacy_whole_microbatch,1172857,20000000,70,4fd93e0b8d2e8bcebfcc8ffa71c592653d1ac91402fb3c856f6dc4ece6b33520,2a85c8917120b6501e3fd5bd30e9f8bf8a8f08ac89e07dae522f9940bb92306b,"[""deepseek_muon_lr_argument_unused""]","[""因执行效率重新规划而停止；原日志和已有权重保留"", ""不能把未保存的进度写为可恢复进度""]"
exp-644e2059cf0f,remote-239,strategy-seed-gpu-v1/minideepseekv4/seed-44,minideepseekv4,training,stopped_by_user,,source-seed-stopped,superseded,2,16384,legacy_whole_microbatch,1171981,20000000,70,4fd93e0b8d2e8bcebfcc8ffa71c592653d1ac91402fb3c856f6dc4ece6b33520,2a85c8917120b6501e3fd5bd30e9f8bf8a8f08ac89e07dae522f9940bb92306b,"[""deepseek_muon_lr_argument_unused""]","[""因执行效率重新规划而停止；原日志和已有权重保留"", ""不能把未保存的进度写为可恢复进度""]"
exp-a2a7d9d8982d,remote-239,strategy-seed-gpu-v1/minikimik3/seed-43,minikimik3,training,stopped_by_user,,source-seed-stopped,superseded,2,16384,legacy_whole_microbatch,1168302,20000000,70,4a3519e2a64efbee3b49b85b731be2bd2aac560f30151e80b36ea837e1b59da7,2a85c8917120b6501e3fd5bd30e9f8bf8a8f08ac89e07dae522f9940bb92306b,[],"[""因执行效率重新规划而停止；原日志和已有权重保留"", ""不能把未保存的进度写为可恢复进度""]"
exp-67cdb9c1ef4d,remote-239,strategy-seed-gpu-v1/minikimik3/seed-44,minikimik3,training,stopped_by_user,,source-seed-stopped,superseded,2,16384,legacy_whole_microbatch,1168672,20000000,70,4a3519e2a64efbee3b49b85b731be2bd2aac560f30151e80b36ea837e1b59da7,2a85c8917120b6501e3fd5bd30e9f8bf8a8f08ac89e07dae522f9940bb92306b,[],"[""因执行效率重新规划而停止；原日志和已有权重保留"", ""不能把未保存的进度写为可恢复进度""]"
exp-e7b731298a7d,remote-239,strategy-single-gpu-v2/miniqwen4/lower-lr,miniqwen4,training,stopped_by_user,,source-recipe-v2,retain_conditional_evidence,2,16384,legacy_whole_microbatch,333351,20000000,20,f781d3210e394193a9098d1cd6829c8412ab0a2faabaaeb60f8bf5bdec49ac8b,2a85c8917120b6501e3fd5bd30e9f8bf8a8f08ac89e07dae522f9940bb92306b,[],"[""WSD/400K warmup 是本地共同对照，不能称为 Kimi 官方配方"", ""单种子和单因素结果不能直接合并为最优配方"", ""共卡与独占吞吐不可直接比较"", ""主动停止的 Qwen MTP 0.2 未完成预算""]"
exp-0d19975c3920,remote-239,strategy-single-gpu-v2/miniqwen4/reference,miniqwen4,training,stopped_by_user,,source-recipe-v2,retain_conditional_evidence,2,16384,legacy_whole_microbatch,166316,20000000,10,f781d3210e394193a9098d1cd6829c8412ab0a2faabaaeb60f8bf5bdec49ac8b,2a85c8917120b6501e3fd5bd30e9f8bf8a8f08ac89e07dae522f9940bb92306b,[],"[""WSD/400K warmup 是本地共同对照，不能称为 Kimi 官方配方"", ""单种子和单因素结果不能直接合并为最优配方"", ""共卡与独占吞吐不可直接比较"", ""主动停止的 Qwen MTP 0.2 未完成预算""]"
